fips,state,county,farmland_acres,land_acres,farmland_pct
01001,AL,AUTAUGA,104722.0,380451.84,27.5
01003,AL,BALDWIN,180784.0,1017495.04,17.8
01005,AL,BARBOUR,215074.0,566405.12,38.0
01007,AL,BIBB,42199.0,398380.80000000005,10.6
01009,AL,BLOUNT,138653.0,412730.24,33.6
01011,AL,BULLOCK,172924.0,398601.60000000003,43.4
01013,AL,BUTLER,90393.0,497176.96,18.2
01015,AL,CALHOUN,70157.0,387768.96,18.1
01017,AL,CHAMBERS,130961.0,381799.04000000004,34.3
01019,AL,CHEROKEE,163443.0,354255.36,46.1
01021,AL,CHILTON,96440.0,443415.68,21.7
01023,AL,CHOCTAW,64977.0,584626.56,11.1
01025,AL,CLARKE,49651.0,792588.8,6.3
01027,AL,CLAY,86388.0,386535.68,22.3
01029,AL,CLEBURNE,46919.0,358467.2,13.1
01031,AL,COFFEE,133040.0,434551.04,30.6
01033,AL,COLBERT,143106.0,379489.92,37.7
01035,AL,CONECUH,128305.0,544178.56,23.6
01037,AL,COOSA,32046.0,416581.76,7.7
01039,AL,COVINGTON,165318.0,659565.44,25.1
01041,AL,CRENSHAW,127773.0,389673.6,32.8
01043,AL,CULLMAN,182249.0,470232.96,38.8
01045,AL,DALE,118588.0,359112.32000000007,33.0
01047,AL,DALLAS,223331.0,626392.3200000001,35.7
01049,AL,DE KALB,219604.0,497329.28,44.2
01051,AL,ELMORE,80066.0,395849.6,20.2
01053,AL,ESCAMBIA,107160.0,605061.12,17.7
01055,AL,ETOWAH,90283.0,342467.2,26.4
01057,AL,FAYETTE,60797.0,401717.76,15.1
01059,AL,FRANKLIN,128853.0,405708.8,31.8
01061,AL,GENEVA,160853.0,367670.4,43.7
01063,AL,GREENE,107845.0,414094.72000000003,26.0
01065,AL,HALE,149599.0,412153.6,36.3
01067,AL,HENRY,157925.0,359528.32,43.9
01069,AL,HOUSTON,187714.0,371088.64,50.6
01071,AL,JACKSON,252976.0,689929.6000000001,36.7
01073,AL,JEFFERSON,29631.0,711379.84,4.2
01075,AL,LAMAR,89003.0,387101.44,23.0
01077,AL,LAUDERDALE,181760.0,427529.6,42.5
01079,AL,LAWRENCE,209398.0,442037.76,47.4
01081,AL,LEE,73524.0,388826.88,18.9
01083,AL,LIMESTONE,255290.0,358376.31999999995,71.2
01085,AL,LOWNDES,201912.0,458294.4,44.1
01087,AL,MACON,115773.0,389545.6,29.7
01089,AL,MADISON,185472.0,513024.64,36.2
01091,AL,MARENGO,197555.0,625214.72,31.6
01093,AL,MARION,112612.0,475099.51999999996,23.7
01095,AL,MARSHALL,156900.0,362140.80000000005,43.3
01097,AL,MOBILE,108529.0,786799.36,13.8
01099,AL,MONROE,161019.0,656428.16,24.5
01101,AL,MONTGOMERY,179866.0,502627.2,35.8
01103,AL,MORGAN,140181.0,370988.16,37.8
01105,AL,PERRY,147664.0,460588.8,32.1
01107,AL,PICKENS,116943.0,564101.12,20.7
01109,AL,PIKE,149349.0,430122.88,34.7
01111,AL,RANDOLPH,122248.0,371552.0,32.9
01113,AL,RUSSELL,112214.0,410356.48,27.3
01115,AL,SAINT CLAIR,80967.0,404204.80000000005,20.0
01117,AL,SHELBY,54230.0,502681.60000000003,10.8
01119,AL,SUMTER,204698.0,578448.64,35.4
01121,AL,TALLADEGA,98806.0,471562.88,21.0
01123,AL,TALLAPOOSA,80926.0,458577.92000000004,17.6
01125,AL,TUSCALOOSA,115659.0,845342.72,13.7
01127,AL,WALKER,65359.0,506259.19999999995,12.9
01129,AL,WASHINGTON,69161.0,691329.9199999999,10.0
01131,AL,WILCOX,157580.0,568229.12,27.7
01133,AL,WINSTON,43756.0,392318.72000000003,11.2
04001,AZ,APACHE,5534505.0,7166919.04,77.2
04003,AZ,COCHISE,1035831.0,3974240.0,26.1
04005,AZ,COCONINO,5513546.0,11914467.2,46.3
04007,AZ,GILA,1328043.0,3044849.9200000004,43.6
04009,AZ,GRAHAM,1215892.0,2958001.2800000003,41.1
04011,AZ,GREENLEE,23269.0,1178971.52,2.0
04012,AZ,LAPAZ,235666.0,2877810.5599999996,8.2
04013,AZ,MARICOPA,502029.0,5889278.08,8.5
04015,AZ,MOHAVE,753799.0,8532555.52,8.8
04017,AZ,NAVAJO,4637488.0,6367676.16,72.8
04019,AZ,PIMA,2275756.0,5880757.120000001,38.7
04021,AZ,PINAL,1476279.0,3434669.4400000004,43.0
04023,AZ,SANTA CRUZ,119188.0,791194.88,15.1
04025,AZ,YAVAPAI,661643.0,5198677.12,12.7
04027,AZ,YUMA,212153.0,3528856.32,6.0
05001,AR,ARKANSAS,407865.0,634970.24,64.2
05003,AR,ASHLEY,146003.0,592314.88,24.6
05005,AR,BAXTER,108528.0,354512.64,30.6
05007,AR,BENTON,216914.0,542541.44,40.0
05009,AR,BOONE,222741.0,377422.72,59.0
05011,AR,BRADLEY,29022.0,415466.88,7.0
05013,AR,CALHOUN,15903.0,402304.64,4.0
05015,AR,CARROLL,247703.0,403160.32,61.4
05017,AR,CHICOT,276268.0,407665.92,67.8
05019,AR,CLARK,78119.0,554221.44,14.1
05021,AR,CLAY,246685.0,409103.36000000004,60.3
05023,AR,CLEBURNE,112299.0,354533.75999999995,31.7
05025,AR,CLEVELAND,39364.0,382664.95999999996,10.3
05027,AR,COLUMBIA,58575.0,490281.60000000003,11.9
05029,AR,CONWAY,169029.0,353226.88,47.9
05031,AR,CRAIGHEAD,283467.0,452582.39999999997,62.6
05033,AR,CRAWFORD,139358.0,380972.16000000003,36.6
05035,AR,CRITTENDEN,354875.0,392233.6,90.5
05037,AR,CROSS,275217.0,394443.52,69.8
05039,AR,DALLAS,12625.0,427086.72,3.0
05041,AR,DESHA,261668.0,474376.96,55.2
05043,AR,DREW,102338.0,530343.68,19.3
05045,AR,FAULKNER,195761.0,414237.44,47.3
05047,AR,FRANKLIN,182421.0,389736.31999999995,46.8
05049,AR,FULTON,251586.0,395543.04,63.6
05051,AR,GARLAND,29001.0,433669.76,6.7
05053,AR,GRANT,68153.0,404406.4,16.9
05055,AR,GREENE,224286.0,369497.60000000003,60.7
05057,AR,HEMPSTEAD,230281.0,465408.0,49.5
05059,AR,HOT SPRING,67178.0,393564.16,17.1
05061,AR,HOWARD,110927.0,375888.64,29.5
05063,AR,INDEPENDENCE,298252.0,488775.68,61.0
05065,AR,IZARD,183625.0,371313.28,49.5
05067,AR,JACKSON,290108.0,405511.04,71.5
05069,AR,JEFFERSON,296354.0,558314.88,53.1
05071,AR,JOHNSON,104688.0,423037.44,24.7
05073,AR,LAFAYETTE,120374.0,338862.07999999996,35.5
05075,AR,LAWRENCE,256117.0,376017.92000000004,68.1
05077,AR,LEE,306554.0,383876.48,79.9
05079,AR,LINCOLN,212791.0,358055.68,59.4
05081,AR,LITTLE RIVER,173519.0,340003.2,51.0
05083,AR,LOGAN,212374.0,453834.24,46.8
05085,AR,LONOKE,408836.0,493726.72,82.8
05087,AR,MADISON,236155.0,533905.9199999999,44.2
05089,AR,MARION,149422.0,381857.92000000004,39.1
05091,AR,MILLER,161898.0,399385.6,40.5
05093,AR,MISSISSIPPI,515954.0,577339.52,89.4
05095,AR,MONROE,170551.0,388780.16000000003,43.9
05097,AR,MONTGOMERY,74645.0,499489.92,14.9
05099,AR,NEVADA,83981.0,395385.6,21.2
05101,AR,NEWTON,86152.0,525486.08,16.4
05103,AR,OUACHITA,41514.0,468941.44,8.9
05105,AR,PERRY,68311.0,352881.27999999997,19.4
05107,AR,PHILLIPS,380542.0,441830.4,86.1
05109,AR,PIKE,104823.0,384214.4,27.3
05111,AR,POINSETT,348782.0,485308.8,71.9
05113,AR,POLK,103336.0,548376.32,18.8
05115,AR,POPE,172176.0,519121.92000000004,33.2
05117,AR,PRAIRIE,280447.0,414412.8,67.7
05119,AR,PULASKI,72088.0,485317.12,14.9
05121,AR,RANDOLPH,246404.0,417224.32,59.1
05123,AR,SAINT FRANCIS,286143.0,406261.76,70.4
05125,AR,SALINE,59794.0,463060.48000000004,12.9
05127,AR,SCOTT,106366.0,571424.0,18.6
05129,AR,SEARCY,175165.0,426133.75999999995,41.1
05131,AR,SEBASTIAN,114180.0,339956.48,33.6
05133,AR,SEVIER,120912.0,360687.36,33.5
05135,AR,SHARP,151450.0,386959.36,39.1
05137,AR,STONE,142096.0,388121.60000000003,36.6
05139,AR,UNION,43998.0,665002.88,6.6
05141,AR,VAN BUREN,106364.0,454120.32,23.4
05143,AR,WASHINGTON,301969.0,602541.44,50.1
05145,AR,WHITE,376803.0,661810.5599999999,56.9
05147,AR,WOODRUFF,222605.0,375017.60000000003,59.4
05149,AR,YELL,189747.0,595335.04,31.9
06001,CA,ALAMEDA,158500.0,471975.68,33.6
06003,CA,ALPINE,,472537.60000000003,
06005,CA,AMADOR,132565.0,380533.75999999995,34.8
06007,CA,BUTTE,388383.0,1047353.6,37.1
06009,CA,CALAVERAS,221491.0,652812.16,33.9
06011,CA,COLUSA,465843.0,736456.32,63.3
06013,CA,CONTRA COSTA,208948.0,458834.56,45.5
06015,CA,DEL NORTE,,643985.9199999999,
06017,CA,EL DORADO,93239.0,1093024.0,8.5
06019,CA,FRESNO,1659451.0,3813365.12,43.5
06021,CA,GLENN,484172.0,840939.52,57.6
06023,CA,HUMBOLDT,544630.0,2283640.3200000003,23.8
06025,CA,IMPERIAL,736586.0,2672344.96,27.6
06027,CA,INYO,257160.0,6526247.04,3.9
06029,CA,KERN,2399512.0,5206172.800000001,46.1
06031,CA,KINGS,593199.0,890222.08,66.6
06033,CA,LAKE,138030.0,804192.6399999999,17.2
06035,CA,LASSEN,593950.0,2906476.1599999997,20.4
06037,CA,LOS ANGELES,69224.0,2597944.96,2.7
06039,CA,MADERA,693611.0,1367627.52,50.7
06041,CA,MARIN,121843.0,333070.72,36.6
06043,CA,MARIPOSA,240428.0,927257.6,25.9
06045,CA,MENDOCINO,677787.0,2244367.36,30.2
06047,CA,MERCED,872326.0,1240322.56,70.3
06049,CA,MODOC,533782.0,2526869.76,21.1
06051,CA,MONO,61063.0,1951298.56,3.1
06053,CA,MONTEREY,1338477.0,2100302.7199999997,63.7
06055,CA,NAPA,242403.0,478898.56,50.6
06057,CA,NEVADA,64185.0,612966.4,10.5
06059,CA,ORANGE,37658.0,507425.27999999997,7.4
06061,CA,PLACER,84898.0,900535.04,9.4
06063,CA,PLUMAS,101008.0,1633959.68,6.2
06065,CA,RIVERSIDE,361970.0,4613933.4399999995,7.8
06067,CA,SACRAMENTO,256617.0,617774.72,41.5
06069,CA,SAN BENITO,544537.0,888737.28,61.3
06071,CA,SAN BERNARDINO,36659.0,12843580.8,0.3
06073,CA,SAN DIEGO,179330.0,2694564.4799999995,6.7
06075,CA,SAN FRANCISCO,127.0,30024.96,0.4
06077,CA,SAN JOAQUIN,862356.0,891116.7999999999,96.8
06079,CA,SAN LUIS OBISPO,921300.0,2112547.8400000003,43.6
06081,CA,SAN MATEO,44885.0,287117.44,15.6
06083,CA,SANTA BARBARA,621663.0,1749719.04,35.5
06085,CA,SANTA CLARA,245191.0,826293.76,29.7
06087,CA,SANTA CRUZ,47871.0,284869.12,16.8
06089,CA,SHASTA,286114.0,2416362.2399999998,11.8
06091,CA,SIERRA,65468.0,610027.52,10.7
06093,CA,SISKIYOU,672775.0,4018411.52,16.7
06095,CA,SOLANO,339476.0,525970.5599999999,64.5
06097,CA,SONOMA,466810.0,1008403.8400000001,46.3
06099,CA,STANISLAUS,685145.0,957450.88,71.6
06101,CA,SUTTER,257995.0,385725.44,66.9
06103,CA,TEHAMA,627913.0,1887447.6800000002,33.3
06105,CA,TRINITY,57124.0,2034731.52,2.8
06107,CA,TULARE,1310768.0,3087295.3600000003,42.5
06109,CA,TUOLUMNE,127724.0,1421383.04,9.0
06111,CA,VENTURA,300567.0,1178104.96,25.5
06113,CA,YOLO,478555.0,649429.12,73.7
06115,CA,YUBA,160418.0,404483.83999999997,39.7
08001,CO,ADAMS,638190.0,746712.96,85.5
08003,CO,ALAMOSA,141342.0,462492.8,30.6
08005,CO,ARAPAHOE,269428.0,510627.83999999997,52.8
08007,CO,ARCHULETA,174130.0,864056.32,20.2
08009,CO,BACA,1236174.0,1635195.52,75.6
08011,CO,BENT,759098.0,968222.08,78.4
08013,CO,BOULDER,74242.0,464885.76,16.0
08014,CO,BROOMFIELD,,21099.520000000004,
08015,CO,CHAFFEE,63301.0,648581.12,9.8
08017,CO,CHEYENNE,963154.0,1138096.6400000001,84.6
08019,CO,CLEAR CREEK,9151.0,252846.71999999997,3.6
08021,CO,CONEJOS,169051.0,823953.92,20.5
08023,CO,COSTILLA,364724.0,785659.52,46.4
08025,CO,CROWLEY,290733.0,503953.92,57.7
08027,CO,CUSTER,99280.0,472720.64,21.0
08029,CO,DELTA,187247.0,730960.0,25.6
08031,CO,DENVER,,97968.0,
08033,CO,DOLORES,161407.0,682988.8,23.6
08035,CO,DOUGLAS,218374.0,537706.24,40.6
08037,CO,EAGLE,127056.0,1078060.1600000001,11.8
08039,CO,ELBERT,929434.0,1184535.04,78.5
08041,CO,EL PASO,490740.0,1360904.9600000002,36.1
08043,CO,FREMONT,231567.0,981654.4,23.6
08045,CO,GARFIELD,402741.0,1886355.2,21.4
08047,CO,GILPIN,3428.0,96014.72,3.6
08049,CO,GRAND,249554.0,1181726.0799999998,21.1
08051,CO,GUNNISON,227945.0,2073049.5999999999,11.0
08053,CO,HINSDALE,4903.0,715027.84,0.7
08055,CO,HUERFANO,467348.0,1018261.1199999999,45.9
08057,CO,JACKSON,371376.0,1032784.6400000001,36.0
08059,CO,JEFFERSON,43436.0,489203.2,8.9
08061,CO,KIOWA,1127660.0,1131397.76,99.7
08063,CO,KIT CARSON,1376521.0,1382926.08,99.5
08065,CO,LAKE,15034.0,241228.15999999997,6.2
08067,CO,LA PLATA,529782.0,1081396.48,49.0
08069,CO,LARIMER,467157.0,1661294.08,28.1
08071,CO,LAS ANIMAS,1805818.0,3054680.3200000003,59.1
08073,CO,LINCOLN,1598737.0,1649747.2,96.9
08075,CO,LOGAN,1126091.0,1176702.72,95.7
08077,CO,MESA,268323.0,2130381.44,12.6
08079,CO,MINERAL,16878.0,560486.4,3.0
08081,CO,MOFFAT,994625.0,3035676.1599999997,32.8
08083,CO,MONTEZUMA,686481.0,1298783.3599999999,52.9
08085,CO,MONTROSE,285524.0,1434205.44,19.9
08087,CO,MORGAN,592714.0,819510.3999999999,72.3
08089,CO,OTERO,529274.0,807645.44,65.5
08091,CO,OURAY,86363.0,346029.44000000006,25.0
08093,CO,PARK,225695.0,1403846.4000000001,16.1
08095,CO,PHILLIPS,440076.0,440273.92,100.0
08097,CO,PITKIN,36630.0,621248.64,5.9
08099,CO,PROWERS,802212.0,1048581.1199999999,76.5
08101,CO,PUEBLO,833740.0,1527418.24,54.6
08103,CO,RIO BLANCO,466136.0,2061421.44,22.6
08105,CO,RIO GRANDE,174641.0,583651.84,29.9
08107,CO,ROUTT,669742.0,1511692.8,44.3
08109,CO,SAGUACHE,302749.0,2027882.2399999998,14.9
08113,CO,SAN MIGUEL,164931.0,823504.0,20.0
08115,CO,SEDGWICK,267833.0,350746.24000000005,76.4
08117,CO,SUMMIT,17258.0,389329.92,4.4
08119,CO,TELLER,54299.0,356570.24,15.2
08121,CO,WASHINGTON,1381696.0,1611573.7599999998,85.7
08123,CO,WELD,1987213.0,2550368.0,77.9
08125,CO,YUMA,1511087.0,1513215.3599999999,99.9
09001,CT,FAIRFIELD,42475.0,399980.80000000005,10.6
09003,CT,HARTFORD,44720.0,470357.76,9.5
09005,CT,LITCHFIELD,85205.0,589129.6,14.5
09007,CT,MIDDLESEX,18289.0,236354.56,7.7
09009,CT,NEW HAVEN,27170.0,386755.19999999995,7.0
09011,CT,NEW LONDON,67987.0,425641.60000000003,16.0
09013,CT,TOLLAND,35415.0,262625.27999999997,13.5
09015,CT,WINDHAM,50753.0,328273.92,15.5
10001,DE,KENT,187248.0,375079.04000000004,49.9
10003,DE,NEW CASTLE,73507.0,272855.68,26.9
10005,DE,SUSSEX,262079.0,599139.84,43.7
12001,FL,ALACHUA,197906.0,560411.52,35.3
12003,FL,BAKER,19005.0,374547.2,5.1
12005,FL,BAY,70324.0,485530.88,14.5
12007,FL,BRADFORD,61282.0,188138.24,32.6
12009,FL,BREVARD,145553.0,649582.08,22.4
12011,FL,BROWARD,13007.0,769818.24,1.7
12013,FL,CALHOUN,119587.0,363095.04000000004,32.9
12015,FL,CHARLOTTE,99711.0,435916.16000000003,22.9
12017,FL,CITRUS,51098.0,372428.16,13.7
12019,FL,CLAY,37483.0,386942.72,9.7
12021,FL,COLLIER,177671.0,1277984.0,13.9
12023,FL,COLUMBIA,89621.0,510321.27999999997,17.6
12027,FL,DE SOTO,293944.0,407484.80000000005,72.1
12029,FL,DIXIE,51720.0,451221.76,11.5
12031,FL,DUVAL,20593.0,488098.56,4.2
12033,FL,ESCAMBIA,79515.0,420476.16000000003,18.9
12035,FL,FLAGLER,72342.0,311168.64,23.2
12037,FL,FRANKLIN,,348789.12,
12039,FL,GADSDEN,71544.0,330480.0,21.6
12041,FL,GILCHRIST,106752.0,223804.8,47.7
12043,FL,GLADES,376161.0,516366.08,72.8
12045,FL,GULF,,354213.12,
12047,FL,HAMILTON,71711.0,329148.8,21.8
12049,FL,HARDEE,290694.0,408044.16,71.2
12051,FL,HENDRY,586858.0,739808.0,79.3
12053,FL,HERNANDO,67187.0,302698.24,22.2
12055,FL,HIGHLANDS,389622.0,651302.4,59.8
12057,FL,HILLSBOROUGH,201712.0,654305.9199999999,30.8
12059,FL,HOLMES,83866.0,306468.48000000004,27.4
12061,FL,INDIAN RIVER,167396.0,321798.4,52.0
12063,FL,JACKSON,255873.0,587639.04,43.5
12065,FL,JEFFERSON,189120.0,382770.55999999994,49.4
12067,FL,LAFAYETTE,105429.0,347740.80000000005,30.3
12069,FL,LAKE,162773.0,609110.4,26.7
12071,FL,LEE,91203.0,499845.76,18.2
12073,FL,LEON,70058.0,427795.19999999995,16.4
12075,FL,LEVY,198497.0,715664.0,27.7
12077,FL,LIBERTY,35092.0,534760.32,6.6
12079,FL,MADISON,159522.0,445778.56,35.8
12081,FL,MANATEE,219316.0,475367.67999999993,46.1
12083,FL,MARION,290691.0,1016590.0800000001,28.6
12085,FL,MARTIN,179342.0,348046.08,51.5
12086,FL,MIAMI-DADE,68837.0,1215941.76,5.7
12087,FL,MONROE,,629146.88,
12089,FL,NASSAU,47480.0,415155.84,11.4
12091,FL,OKALOOSA,47711.0,595113.6,8.0
12093,FL,OKEECHOBEE,325257.0,492264.95999999996,66.1
12095,FL,ORANGE,118397.0,577860.48,20.5
12097,FL,OSCEOLA,584279.0,849626.8799999999,68.8
12099,FL,PALM BEACH,460575.0,1257151.3599999999,36.6
12101,FL,PASCO,132011.0,477827.83999999997,27.6
12103,FL,PINELLAS,3744.0,175219.19999999998,2.1
12105,FL,POLK,559699.0,1150650.8800000001,48.6
12107,FL,PUTNAM,134803.0,466152.96,28.9
12109,FL,ST. JOHNS,23749.0,384409.6,6.2
12111,FL,ST. LUCIE,165667.0,365862.39999999997,45.3
12113,FL,SANTA ROSA,89731.0,647936.64,13.8
12115,FL,SARASOTA,71878.0,355843.83999999997,20.2
12117,FL,SEMINOLE,17031.0,198002.56,8.6
12119,FL,SUMTER,146165.0,356567.67999999993,41.0
12121,FL,SUWANNEE,184350.0,440695.04000000004,41.8
12123,FL,TAYLOR,43289.0,667735.6799999999,6.5
12125,FL,UNION,37467.0,155875.2,24.0
12127,FL,VOLUSIA,95988.0,704839.0399999999,13.6
12129,FL,WAKULLA,,388107.52,
12131,FL,WALTON,91288.0,664506.24,13.7
12133,FL,WASHINGTON,50297.0,374193.28,13.4
13001,GA,APPLING,119040.0,325282.56,36.6
13003,GA,ATKINSON,75760.0,219339.52000000002,34.5
13005,GA,BACON,77153.0,181812.47999999998,42.4
13007,GA,BAKER,113062.0,218852.47999999998,51.7
13009,GA,BALDWIN,25183.0,165566.71999999997,15.2
13011,GA,BANKS,57455.0,148874.24000000002,38.6
13013,GA,BARROW,21238.0,103063.68000000001,20.6
13015,GA,BARTOW,69569.0,293701.76,23.7
13017,GA,BEN HILL,40197.0,160075.52,25.1
13019,GA,BERRIEN,127226.0,290160.64,43.8
13021,GA,BIBB,7017.0,159605.12,4.4
13023,GA,BLECKLEY,32749.0,138161.91999999998,23.7
13025,GA,BRANTLEY,33900.0,283670.4,12.0
13027,GA,BROOKS,207151.0,315637.76,65.6
13029,GA,BRYAN,25817.0,280040.96,9.2
13031,GA,BULLOCH,195261.0,432616.31999999995,45.1
13033,GA,BURKE,214575.0,529305.6,40.5
13035,GA,BUTTS,22844.0,117561.6,19.4
13037,GA,CALHOUN,138414.0,179445.76,77.1
13039,GA,CAMDEN,8492.0,403429.76,2.1
13043,GA,CANDLER,80603.0,155557.76,51.8
13045,GA,CARROLL,92092.0,319446.4,28.8
13047,GA,CATOOSA,18464.0,103783.68000000001,17.8
13049,GA,CHARLTON,19395.0,499255.68,3.9
13051,GA,CHATHAM,7742.0,277199.36,2.8
13053,GA,CHATTAHOOCHEE,306.0,159191.68,0.2
13055,GA,CHATTOOGA,58942.0,200529.28,29.4
13057,GA,CHEROKEE,24284.0,269492.48,9.0
13059,GA,CLARKE,4485.0,76302.72,5.9
13061,GA,CLAY,43141.0,125058.56,34.5
13063,GA,CLAYTON,3294.0,90657.92,3.6
13065,GA,CLINCH,44721.0,521597.44,8.6
13067,GA,COBB,2830.0,217457.28,1.3
13069,GA,COFFEE,161594.0,379058.56,42.6
13071,GA,COLQUITT,184400.0,350102.39999999997,52.7
13073,GA,COLUMBIA,25036.0,185724.16,13.5
13075,GA,COOK,77736.0,146208.63999999998,53.2
13077,GA,COWETA,53189.0,282285.44,18.8
13079,GA,CRAWFORD,29558.0,207944.96,14.2
13081,GA,CRISP,121261.0,174515.2,69.5
13083,GA,DADE,31350.0,111342.08,28.2
13085,GA,DAWSON,15853.0,134929.92,11.7
13087,GA,DECATUR,180755.0,382232.96,47.3
13089,GA,DE KALB,72.0,171353.6,0.0
13091,GA,DODGE,84570.0,317416.32,26.6
13093,GA,DOOLY,214446.0,251283.83999999997,85.3
13095,GA,DOUGHERTY,54565.0,210332.16,25.9
13097,GA,DOUGLAS,7323.0,128075.51999999999,5.7
13099,GA,EARLY,156043.0,328064.0,47.6
13101,GA,ECHOLS,27413.0,269060.48,10.2
13103,GA,EFFINGHAM,42347.0,306450.56,13.8
13105,GA,ELBERT,76233.0,224705.92,33.9
13107,GA,EMANUEL,117430.0,435567.36,27.0
13109,GA,EVANS,44380.0,117052.8,37.9
13111,GA,FANNIN,11041.0,247747.2,4.5
13113,GA,FAYETTE,7212.0,124517.76,5.8
13115,GA,FLOYD,73663.0,326279.04,22.6
13117,GA,FORSYTH,15700.0,143755.52,10.9
13119,GA,FRANKLIN,68943.0,167264.0,41.2
13121,GA,FULTON,9150.0,337120.0,2.7
13123,GA,GILMER,31626.0,272776.32,11.6
13125,GA,GLASCOCK,13079.0,91997.44,14.2
13127,GA,GLYNN,1894.0,268567.04000000004,0.7
13129,GA,GORDON,77290.0,228123.52,33.9
13131,GA,GRADY,110417.0,290855.68,38.0
13133,GA,GREENE,46778.0,248010.88,18.9
13135,GA,GWINNETT,5392.0,275687.04000000004,2.0
13137,GA,HABERSHAM,27608.0,177195.52,15.6
13139,GA,HALL,43910.0,251512.32,17.5
13141,GA,HANCOCK,49509.0,301482.88,16.4
13143,GA,HARALSON,26001.0,180585.6,14.4
13145,GA,HARRIS,44733.0,296837.12,15.1
13147,GA,HART,70336.0,148750.08,47.3
13149,GA,HEARD,33726.0,189422.72,17.8
13151,GA,HENRY,14108.0,203973.12000000002,6.9
13153,GA,HOUSTON,54850.0,240669.44,22.8
13155,GA,IRWIN,116408.0,226792.32,51.3
13157,GA,JACKSON,64732.0,217381.12,29.8
13159,GA,JASPER,54987.0,235779.84,23.3
13161,GA,JEFF DAVIS,46321.0,211788.15999999997,21.9
13163,GA,JEFFERSON,151521.0,336995.19999999995,45.0
13165,GA,JENKINS,74888.0,222321.91999999998,33.7
13167,GA,JOHNSON,66336.0,193932.16,34.2
13169,GA,JONES,27803.0,252122.88,11.0
13171,GA,LAMAR,39485.0,117440.64,33.6
13173,GA,LANIER,48841.0,125784.32,38.8
13175,GA,LAURENS,155200.0,516695.04000000004,30.0
13177,GA,LEE,110997.0,227764.48,48.7
13179,GA,LIBERTY,7849.0,330541.44,2.4
13181,GA,LINCOLN,27118.0,134643.84,20.1
13183,GA,LONG,17132.0,256249.59999999998,6.7
13185,GA,LOWNDES,84299.0,318232.95999999996,26.5
13187,GA,LUMPKIN,23501.0,181084.16,13.0
13189,GA,MCDUFFIE,56083.0,164718.08000000002,34.0
13191,GA,MCINTOSH,15559.0,276066.56,5.6
13193,GA,MACON,118727.0,256423.68,46.3
13195,GA,MADISON,76519.0,180687.36000000002,42.3
13197,GA,MARION,59650.0,234061.44,25.5
13199,GA,MERIWETHER,92208.0,320580.48,28.8
13201,GA,MILLER,113853.0,180750.72,63.0
13205,GA,MITCHELL,205689.0,327781.12,62.8
13207,GA,MONROE,49816.0,253498.88,19.7
13209,GA,MONTGOMERY,56537.0,154332.80000000002,36.6
13211,GA,MORGAN,97901.0,222343.04,44.0
13213,GA,MURRAY,41883.0,220476.16000000003,19.0
13215,GA,MUSCOGEE,5848.0,138560.0,4.2
13217,GA,NEWTON,38686.0,175234.56,22.1
13219,GA,OCONEE,38713.0,117978.88,32.8
13221,GA,OGLETHORPE,79994.0,280999.68,28.5
13223,GA,PAULDING,17175.0,199904.0,8.6
13225,GA,PEACH,43434.0,96181.76,45.2
13227,GA,PICKENS,16078.0,148517.76,10.8
13229,GA,PIERCE,85622.0,217891.84000000003,39.3
13231,GA,PIKE,37935.0,138295.04,27.4
13233,GA,POLK,51432.0,198615.04,25.9
13235,GA,PULASKI,61509.0,159527.04,38.6
13237,GA,PUTNAM,41183.0,220596.48,18.7
13239,GA,QUITMAN,12612.0,96791.68,13.0
13241,GA,RABUN,6201.0,236885.76,2.6
13243,GA,RANDOLPH,103755.0,274071.04,37.9
13245,GA,RICHMOND,18978.0,207577.59999999998,9.1
13247,GA,ROCKDALE,8318.0,83083.52,10.0
13249,GA,SCHLEY,30068.0,106821.76,28.1
13251,GA,SCREVEN,168506.0,413325.44,40.8
13253,GA,SEMINOLE,75035.0,152027.52000000002,49.4
13255,GA,SPALDING,16543.0,125420.8,13.2
13257,GA,STEPHENS,13144.0,114472.96,11.5
13259,GA,STEWART,76192.0,293598.72,26.0
13261,GA,SUMTER,160670.0,309041.28,52.0
13263,GA,TALBOT,30569.0,250481.28,12.2
13265,GA,TALIAFERRO,11679.0,124548.48,9.4
13267,GA,TATTNALL,128240.0,307737.6,41.7
13269,GA,TAYLOR,84840.0,241079.03999999998,35.2
13271,GA,TELFAIR,49177.0,279876.48,17.6
13273,GA,TERRELL,168890.0,214906.24,78.6
13275,GA,THOMAS,208509.0,348565.12,59.8
13277,GA,TIFT,91722.0,166969.59999999998,54.9
13279,GA,TOOMBS,69898.0,232968.31999999998,30.0
13281,GA,TOWNS,5774.0,106546.56000000001,5.4
13283,GA,TREUTLEN,34067.0,127635.84000000001,26.7
13285,GA,TROUP,39911.0,264965.76,15.1
13287,GA,TURNER,83527.0,182666.87999999998,45.7
13289,GA,TWIGGS,40478.0,229926.4,17.6
13291,GA,UNION,30452.0,206134.4,14.8
13293,GA,UPSON,36027.0,207018.88,17.4
13295,GA,WALKER,77204.0,285689.6,27.0
13297,GA,WALTON,55131.0,209165.44,26.4
13299,GA,WARE,67002.0,575513.6,11.6
13301,GA,WARREN,22417.0,181989.12,12.3
13303,GA,WASHINGTON,97770.0,434256.63999999996,22.5
13305,GA,WAYNE,51504.0,410760.32,12.5
13307,GA,WEBSTER,70416.0,134180.48,52.5
13309,GA,WHEELER,52995.0,189113.6,28.0
13311,GA,WHITE,20378.0,154076.16,13.2
13313,GA,WHITFIELD,34457.0,185884.8,18.5
13315,GA,WILCOX,85098.0,241799.03999999998,35.2
13317,GA,WILKES,83917.0,300480.64,27.9
13319,GA,WILKINSON,24542.0,287496.96,8.5
13321,GA,WORTH,218326.0,365255.68,59.8
15001,HI,HAWAII,604184.0,2578207.36,23.4
15003,HI,HONOLULU,60254.0,384400.0,15.7
15007,HI,KAUAI,130646.0,396725.76,32.9
15009,HI,MAUI & KALAWAO,258218.0,743379.2,34.7
16001,ID,ADA,112556.0,673289.6000000001,16.7
16003,ID,ADAMS,145570.0,872195.2000000001,16.7
16005,ID,BANNOCK,419823.0,711993.6,59.0
16007,ID,BEAR LAKE,209678.0,624465.9199999999,33.6
16009,ID,BENEWAH,130471.0,497235.84,26.2
16011,ID,BINGHAM,897796.0,1339988.48,67.0
16013,ID,BLAINE,259553.0,1688152.3199999998,15.4
16015,ID,BOISE,66311.0,1215715.84,5.5
16017,ID,BONNER,97446.0,1109260.8,8.8
16019,ID,BONNEVILLE,406594.0,1194227.84,34.0
16021,ID,BOUNDARY,73364.0,811954.56,9.0
16023,ID,BUTTE,99988.0,1431351.6800000002,7.0
16025,ID,CAMAS,186429.0,687509.76,27.1
16027,ID,CANYON,277388.0,375712.0,73.8
16029,ID,CARIBOU,416460.0,1129084.16,36.9
16031,ID,CASSIA,657664.0,1641990.4000000001,40.1
16033,ID,CLARK,206127.0,1128412.8,18.3
16035,ID,CLEARWATER,66230.0,1572680.96,4.2
16037,ID,CUSTER,113930.0,3150193.28,3.6
16039,ID,ELMORE,296190.0,1968050.56,15.0
16041,ID,FRANKLIN,276073.0,424332.16000000003,65.1
16043,ID,FREMONT,275247.0,1192934.4,23.1
16045,ID,GEM,199547.0,358252.16000000003,55.7
16047,ID,GOODING,212600.0,466766.08,45.5
16049,ID,IDAHO,545260.0,5425599.359999999,10.0
16051,ID,JEFFERSON,262180.0,699955.8400000001,37.5
16053,ID,JEROME,180152.0,382427.52,47.1
16055,ID,KOOTENAI,107727.0,792179.84,13.6
16057,ID,LATAH,324990.0,688554.88,47.2
16059,ID,LEMHI,131616.0,2920764.8,4.5
16061,ID,LEWIS,249015.0,306446.08,81.3
16063,ID,LINCOLN,104847.0,768872.96,13.6
16065,ID,MADISON,166920.0,300330.88,55.6
16067,ID,MINIDOKA,308562.0,484477.44,63.7
16069,ID,NEZ PERCE,344412.0,542924.8,63.4
16071,ID,ONEIDA,327714.0,767328.64,42.7
16073,ID,OWYHEE,729407.0,4907651.2,14.9
16075,ID,PAYETTE,171424.0,260411.52,65.8
16077,ID,POWER,443958.0,898448.64,49.4
16079,ID,SHOSHONE,1605.0,1687952.0,0.1
16081,ID,TETON,112072.0,287418.24,39.0
16083,ID,TWIN FALLS,459167.0,1229896.96,37.3
16085,ID,VALLEY,45321.0,2345676.16,1.9
16087,ID,WASHINGTON,428579.0,929825.28,46.1
17001,IL,ADAMS,423666.0,547295.36,77.4
17003,IL,ALEXANDER,62494.0,150652.16,41.5
17005,IL,BOND,161590.0,243415.04,66.4
17007,IL,BOONE,124244.0,179674.24,69.1
17009,IL,BROWN,163236.0,195665.27999999997,83.4
17011,IL,BUREAU,455336.0,556205.4400000001,81.9
17013,IL,CALHOUN,106067.0,162450.56,65.3
17015,IL,CARROLL,261931.0,285059.84,91.9
17017,IL,CASS,156808.0,240482.56,65.2
17019,IL,CHAMPAIGN,545674.0,637506.56,85.6
17021,IL,CHRISTIAN,350778.0,454073.6,77.3
17023,IL,CLARK,249166.0,320880.0,77.7
17025,IL,CLAY,227457.0,299744.64,75.9
17027,IL,CLINTON,276216.0,303322.24,91.1
17029,IL,COLES,214931.0,325294.08,66.1
17031,IL,COOK,10281.0,604753.28,1.7
17033,IL,CRAWFORD,234709.0,283931.51999999996,82.7
17035,IL,CUMBERLAND,161892.0,221404.16,73.1
17037,IL,DE KALB,353524.0,404055.68,87.5
17039,IL,DE WITT,180145.0,254439.03999999998,70.8
17041,IL,DOUGLAS,217560.0,266654.08,81.6
17043,IL,DU PAGE,819.0,209791.36,0.4
17045,IL,EDGAR,325023.0,398927.36,81.5
17047,IL,EDWARDS,117890.0,142336.0,82.8
17049,IL,EFFINGHAM,281772.0,306412.16000000003,92.0
17051,IL,FAYETTE,328888.0,458524.80000000005,71.7
17053,IL,FORD,279456.0,310782.07999999996,89.9
17055,IL,FRANKLIN,174342.0,261711.36,66.6
17057,IL,FULTON,435773.0,554037.12,78.7
17059,IL,GALLATIN,174434.0,206682.24,84.4
17061,IL,GREENE,319730.0,347612.16000000003,92.0
17063,IL,GRUNDY,188601.0,267600.64,70.5
17065,IL,HAMILTON,223423.0,278174.08,80.3
17067,IL,HANCOCK,417260.0,507998.72000000003,82.1
17069,IL,HARDIN,34138.0,113528.96,30.1
17071,IL,HENDERSON,199669.0,242427.52000000002,82.4
17073,IL,HENRY,449705.0,526759.04,85.4
17075,IL,IROQUOIS,669168.0,715132.8,93.6
17077,IL,JACKSON,291160.0,373484.80000000005,78.0
17079,IL,JASPER,246336.0,316552.95999999996,77.8
17081,IL,JEFFERSON,232182.0,365589.76,63.5
17083,IL,JERSEY,161192.0,236515.2,68.2
17085,IL,JO DAVIESS,309287.0,384591.36,80.4
17087,IL,JOHNSON,108064.0,219991.03999999998,49.1
17089,IL,KANE,146717.0,332393.6,44.1
17091,IL,KANKAKEE,322007.0,432953.6,74.4
17093,IL,KENDALL,129224.0,204952.32,63.1
17095,IL,KNOX,440387.0,458486.4,96.1
17097,IL,LAKE,32226.0,283913.6,11.4
17099,IL,LA SALLE,603762.0,726504.96,83.1
17101,IL,LAWRENCE,186482.0,238194.56,78.3
17103,IL,LEE,377886.0,463863.68000000005,81.5
17105,IL,LIVINGSTON,606271.0,667921.9199999999,90.8
17107,IL,LOGAN,380340.0,395553.28,96.2
17109,IL,MCDONOUGH,277887.0,377166.72,73.7
17111,IL,MCHENRY,184403.0,386172.8,47.8
17113,IL,MCLEAN,597397.0,757278.72,78.9
17115,IL,MACON,259085.0,371568.64,69.7
17117,IL,MACOUPIN,458695.0,552303.36,83.1
17119,IL,MADISON,264765.0,457929.6,57.8
17121,IL,MARION,246697.0,366424.32,67.3
17123,IL,MARSHALL,206667.0,247566.08000000002,83.5
17125,IL,MASON,324668.0,345185.27999999997,94.1
17127,IL,MASSAC,127131.0,151776.64,83.8
17129,IL,MENARD,155670.0,201210.24000000002,77.4
17131,IL,MERCER,251455.0,359193.6,70.0
17133,IL,MONROE,197346.0,246592.63999999998,80.0
17135,IL,MONTGOMERY,379349.0,450408.96,84.2
17137,IL,MORGAN,283082.0,364133.75999999995,77.7
17139,IL,MOULTRIE,197600.0,215013.12000000002,91.9
17141,IL,OGLE,351824.0,485538.56,72.5
17143,IL,PEORIA,278241.0,395964.80000000005,70.3
17145,IL,PERRY,174088.0,282833.92,61.6
17147,IL,PIATT,228142.0,281080.32,81.2
17149,IL,PIKE,481175.0,532065.28,90.4
17151,IL,POPE,77364.0,236074.88,32.8
17153,IL,PULASKI,99694.0,127531.52,78.2
17155,IL,PUTNAM,51822.0,102462.08,50.6
17157,IL,RANDOLPH,254611.0,368234.88,69.1
17159,IL,RICHLAND,214131.0,230421.76,92.9
17161,IL,ROCK ISLAND,144843.0,273597.44,52.9
17163,IL,ST CLAIR,287115.0,420950.4,68.2
17165,IL,SALINE,159177.0,243193.6,65.5
17167,IL,SANGAMON,464740.0,555683.84,83.6
17169,IL,SCHUYLER,207067.0,279872.0,74.0
17171,IL,SCOTT,104741.0,160505.6,65.3
17173,IL,SHELBY,359447.0,485446.4,74.0
17175,IL,STARK,162962.0,184387.84,88.4
17177,IL,STEPHENSON,305770.0,361118.07999999996,84.7
17179,IL,TAZEWELL,344083.0,413740.16000000003,83.2
17181,IL,UNION,140501.0,264583.68,53.1
17183,IL,VERMILION,445066.0,574924.1599999999,77.4
17185,IL,WABASH,118306.0,142926.72,82.8
17187,IL,WARREN,279691.0,347125.76,80.6
17189,IL,WASHINGTON,326641.0,360062.07999999996,90.7
17191,IL,WAYNE,302602.0,456851.2,66.2
17193,IL,WHITE,258774.0,316789.12,81.7
17195,IL,WHITESIDE,335899.0,437823.36000000004,76.7
17197,IL,WILL,241269.0,534960.64,45.1
17199,IL,WILLIAMSON,103673.0,268934.39999999997,38.5
17201,IL,WINNEBAGO,167697.0,328352.0,51.1
17203,IL,WOODFORD,277669.0,337636.48,82.2
18001,IN,ADAMS,214734.0,216912.63999999998,99.0
18003,IN,ALLEN,329722.0,420672.0,78.4
18005,IN,BARTHOLOMEW,129104.0,260441.6,49.6
18007,IN,BENTON,226260.0,260107.52000000002,87.0
18009,IN,BLACKFORD,75340.0,105652.48,71.3
18011,IN,BOONE,205588.0,270644.48,76.0
18013,IN,BROWN,15451.0,199671.68000000002,7.7
18015,IN,CARROLL,197057.0,238224.0,82.7
18017,IN,CASS,224621.0,263772.16000000003,85.2
18019,IN,CLARK,86065.0,238610.56,36.1
18021,IN,CLAY,168912.0,228864.0,73.8
18023,IN,CLINTON,205912.0,259242.88,79.4
18025,IN,CRAWFORD,68274.0,195592.32,34.9
18027,IN,DAVIESS,186607.0,274879.36,67.9
18029,IN,DEARBORN,49633.0,195255.68,25.4
18031,IN,DECATUR,169467.0,238443.52,71.1
18033,IN,DE KALB,191601.0,232213.12000000002,82.5
18035,IN,DELAWARE,156043.0,250944.64,62.2
18037,IN,DUBOIS,159666.0,273450.88,58.4
18039,IN,ELKHART,195094.0,296423.04,65.8
18041,IN,FAYETTE,91045.0,137613.44,66.2
18043,IN,FLOYD,16616.0,95028.48,17.5
18045,IN,FOUNTAIN,192752.0,253227.52000000002,76.1
18047,IN,FRANKLIN,144173.0,246032.63999999998,58.6
18049,IN,FULTON,181860.0,235771.52,77.1
18051,IN,GIBSON,248444.0,311925.12,79.6
18053,IN,GRANT,159502.0,265016.96,60.2
18055,IN,GREENE,192510.0,347178.88,55.4
18057,IN,HAMILTON,132195.0,252403.2,52.4
18059,IN,HANCOCK,184430.0,195812.47999999998,94.2
18061,IN,HARRISON,154221.0,309826.56,49.8
18063,IN,HENDRICKS,115423.0,260412.16,44.3
18065,IN,HENRY,178215.0,250801.28,71.1
18067,IN,HOWARD,139488.0,187567.36000000002,74.4
18069,IN,HUNTINGTON,219609.0,244897.28,89.7
18071,IN,JACKSON,168778.0,326385.92,51.7
18073,IN,JASPER,312985.0,358195.19999999995,87.4
18075,IN,JAY,198780.0,245699.19999999998,80.9
18077,IN,JEFFERSON,84233.0,230817.28,36.5
18079,IN,JENNINGS,113373.0,241022.08,47.0
18081,IN,JOHNSON,122228.0,205065.6,59.6
18083,IN,KNOX,327292.0,330129.28,99.1
18085,IN,KOSCIUSKO,298904.0,340125.44,87.9
18087,IN,LAGRANGE,193616.0,242963.2,79.7
18089,IN,LAKE,123589.0,319249.92,38.7
18091,IN,LA PORTE,277850.0,382903.68000000005,72.6
18093,IN,LAWRENCE,117099.0,287453.44,40.7
18095,IN,MADISON,196215.0,289229.44,67.8
18097,IN,MARION,14595.0,253831.68000000002,5.7
18099,IN,MARSHALL,201037.0,283916.8,70.8
18101,IN,MARTIN,57900.0,214887.04,26.9
18103,IN,MIAMI,201899.0,239258.88,84.4
18105,IN,MONROE,63216.0,252494.08,25.0
18107,IN,MONTGOMERY,252762.0,322974.08,78.3
18109,IN,MORGAN,130356.0,258453.12000000002,50.4
18111,IN,NEWTON,189934.0,257123.2,73.9
18113,IN,NOBLE,174349.0,262941.44,66.3
18115,IN,OHIO,16420.0,55136.0,29.8
18117,IN,ORANGE,95336.0,254962.56,37.4
18119,IN,OWEN,76206.0,246588.80000000002,30.9
18121,IN,PARKE,174867.0,284621.44,61.4
18123,IN,PERRY,66411.0,244313.6,27.2
18125,IN,PIKE,88483.0,213953.91999999998,41.4
18127,IN,PORTER,122238.0,267592.32,45.7
18129,IN,POSEY,256130.0,262006.4,97.8
18131,IN,PULASKI,245345.0,277552.0,88.4
18133,IN,PUTNAM,174378.0,307543.68,56.7
18135,IN,RANDOLPH,238870.0,289522.56,82.5
18137,IN,RIPLEY,175750.0,285710.72,61.5
18139,IN,RUSH,189580.0,261207.68,72.6
18141,IN,ST. JOSEPH,153034.0,292977.27999999997,52.2
18143,IN,SCOTT,45293.0,121857.92,37.2
18145,IN,SHELBY,209675.0,263127.04000000004,79.7
18147,IN,SPENCER,162031.0,254004.48,63.8
18149,IN,STARKE,98815.0,197852.16,49.9
18151,IN,STEUBEN,96550.0,197619.19999999998,48.9
18153,IN,SULLIVAN,176644.0,286190.08,61.7
18155,IN,SWITZERLAND,53933.0,141227.52000000002,38.2
18157,IN,TIPPECANOE,237534.0,319300.48,74.4
18159,IN,TIPTON,163401.0,166746.24,98.0
18161,IN,UNION,69029.0,103161.6,66.9
18163,IN,VANDERBURGH,51839.0,149376.64,34.7
18165,IN,VERMILLION,104913.0,164392.96,63.8
18167,IN,VIGO,105310.0,258317.44,40.8
18169,IN,WABASH,186071.0,264024.95999999996,70.5
18171,IN,WARREN,204198.0,233401.6,87.5
18173,IN,WARRICK,123966.0,246299.52000000002,50.3
18175,IN,WASHINGTON,190434.0,328759.68,57.9
18177,IN,WAYNE,154498.0,257122.56,60.1
18179,IN,WELLS,201538.0,235575.68,85.6
18181,IN,WHITE,304558.0,323288.96,94.2
18183,IN,WHITLEY,162338.0,214763.52,75.6
19001,IA,ADAIR,348125.0,364333.43999999994,95.6
19003,IA,ADAMS,248630.0,270997.12,91.7
19005,IA,ALLAMAKEE,304451.0,408988.16,74.4
19007,IA,APPANOOSE,206941.0,318271.36,65.0
19009,IA,AUDUBON,256116.0,283495.04000000004,90.3
19011,IA,BENTON,377259.0,458305.27999999997,82.3
19013,IA,BLACK HAWK,290438.0,362084.48,80.2
19015,IA,BOONE,333540.0,365111.04,91.4
19017,IA,BREMER,240688.0,278706.56,86.4
19019,IA,BUCHANAN,361693.0,365490.55999999994,99.0
19021,IA,BUENA VISTA,322399.0,367935.36,87.6
19023,IA,BUTLER,327856.0,371288.32,88.3
19025,IA,CALHOUN,306722.0,364701.44,84.1
19027,IA,CARROLL,343933.0,364449.92,94.4
19029,IA,CASS,300521.0,361125.12,83.2
19031,IA,CEDAR,366548.0,370855.68,98.8
19033,IA,CERRO GORDO,336756.0,363712.0,92.6
19035,IA,CHEROKEE,327342.0,369220.48000000004,88.7
19037,IA,CHICKASAW,273833.0,322767.36,84.8
19039,IA,CLARKE,177968.0,275911.04,64.5
19041,IA,CLAY,306922.0,363032.32000000007,84.5
19043,IA,CLAYTON,430213.0,498237.44,86.3
19045,IA,CLINTON,352926.0,444773.75999999995,79.3
19047,IA,CRAWFORD,439226.0,457086.72,96.1
19049,IA,DALLAS,287842.0,376509.44000000006,76.5
19051,IA,DAVIS,213870.0,321400.32,66.5
19053,IA,DECATUR,231581.0,340405.12,68.0
19055,IA,DELAWARE,345856.0,369717.76,93.5
19057,IA,DES MOINES,148881.0,266322.56,55.9
19059,IA,DICKINSON,161592.0,243540.47999999998,66.4
19061,IA,DUBUQUE,317983.0,389311.36,81.7
19063,IA,EMMET,216211.0,253369.59999999998,85.3
19065,IA,FAYETTE,429271.0,467722.88,91.8
19067,IA,FLOYD,301797.0,320365.44,94.2
19069,IA,FRANKLIN,334656.0,372462.07999999996,89.8
19071,IA,FREMONT,264206.0,327147.52,80.8
19073,IA,GREENE,318483.0,364517.12,87.4
19075,IA,GRUNDY,320623.0,321187.2,99.8
19077,IA,GUTHRIE,324037.0,377986.56000000006,85.7
19079,IA,HAMILTON,367576.0,369107.83999999997,99.6
19081,IA,HANCOCK,337777.0,365443.2,92.4
19083,IA,HARDIN,333515.0,364356.48,91.5
19085,IA,HARRISON,374383.0,445999.36,83.9
19087,IA,HENRY,233603.0,277944.32,84.0
19089,IA,HOWARD,296769.0,302878.08,98.0
19091,IA,HUMBOLDT,223283.0,277998.08,80.3
19093,IA,IDA,210663.0,276168.32,76.3
19095,IA,IOWA,342212.0,375331.2,91.2
19097,IA,JACKSON,292239.0,407067.52,71.8
19099,IA,JASPER,439310.0,467472.64,94.0
19101,IA,JEFFERSON,211552.0,278735.36,75.9
19103,IA,JOHNSON,259760.0,392318.07999999996,66.2
19105,IA,JONES,319791.0,368395.52,86.8
19107,IA,KEOKUK,277478.0,370672.0,74.9
19109,IA,KOSSUTH,584543.0,622547.84,93.9
19111,IA,LEE,223700.0,331232.0,67.5
19113,IA,LINN,338977.0,458917.76,73.9
19115,IA,LOUISA,188748.0,257137.28,73.4
19117,IA,LUCAS,177001.0,275635.83999999997,64.2
19119,IA,LYON,315316.0,376069.76,83.8
19121,IA,MADISON,311851.0,359043.83999999997,86.9
19123,IA,MAHASKA,304832.0,365344.64,83.4
19125,IA,MARION,240780.0,354873.6,67.8
19127,IA,MARSHALL,333581.0,366401.92000000004,91.0
19129,IA,MILLS,210969.0,279955.83999999997,75.4
19131,IA,MITCHELL,255760.0,300323.83999999997,85.2
19133,IA,MONONA,406263.0,444206.08,91.5
19135,IA,MONROE,197145.0,277572.48,71.0
19137,IA,MONTGOMERY,237768.0,271422.07999999996,87.6
19139,IA,MUSCATINE,201753.0,279961.6,72.1
19141,IA,O BRIEN,268038.0,366742.39999999997,73.1
19143,IA,OSCEOLA,198039.0,255159.68,77.6
19145,IA,PAGE,291963.0,342364.16,85.3
19147,IA,PALO ALTO,360741.0,360872.96,100.0
19149,IA,PLYMOUTH,544068.0,552209.9199999999,98.5
19151,IA,POCAHONTAS,316323.0,369434.24,85.6
19153,IA,POLK,179322.0,366336.0,49.0
19155,IA,POTTAWATTAMIE,563574.0,608811.52,92.6
19157,IA,POWESHIEK,288668.0,374351.36,77.1
19159,IA,RINGGOLD,311401.0,342718.72000000003,90.9
19161,IA,SAC,344405.0,368014.08,93.6
19163,IA,SCOTT,201629.0,293181.44,68.8
19165,IA,SHELBY,339793.0,378098.56,89.9
19167,IA,SIOUX,485793.0,491463.04,98.8
19169,IA,STORY,299244.0,366428.16,81.7
19171,IA,TAMA,360619.0,461447.04,78.1
19173,IA,TAYLOR,296690.0,340417.28,87.2
19175,IA,UNION,214527.0,271132.8,79.1
19177,IA,VAN BUREN,225161.0,310266.88,72.6
19179,IA,WAPELLO,195594.0,276378.88,70.8
19181,IA,WARREN,296409.0,364581.12,81.3
19183,IA,WASHINGTON,298992.0,364049.92,82.1
19185,IA,WAYNE,321812.0,336300.16000000003,95.7
19187,IA,WEBSTER,356141.0,458051.84,77.8
19189,IA,WINNEBAGO,197720.0,256312.96,77.1
19191,IA,WINNESHIEK,373151.0,441495.04000000004,84.5
19193,IA,WOODBURY,468824.0,558653.44,83.9
19195,IA,WORTH,162856.0,256078.72,63.6
19197,IA,WRIGHT,369835.0,371463.68000000005,99.6
20001,KS,ALLEN,249954.0,320190.08,78.1
20003,KS,ANDERSON,286520.0,370970.24,77.2
20005,KS,ATCHISON,193896.0,275951.36,70.3
20007,KS,BARBER,723977.0,725808.0,99.7
20009,KS,BARTON,562598.0,572964.48,98.2
20011,KS,BOURBON,311422.0,406695.04000000004,76.6
20013,KS,BROWN,340917.0,365357.44,93.3
20015,KS,BUTLER,821264.0,915012.4800000001,89.8
20017,KS,CHASE,491365.0,494753.92,99.3
20019,KS,CHAUTAUQUA,311512.0,408883.83999999997,76.2
20021,KS,CHEROKEE,258413.0,376042.88,68.7
20023,KS,CHEYENNE,645026.0,652729.6,98.8
20025,KS,CLARK,560252.0,623768.3200000001,89.8
20027,KS,CLAY,338106.0,412990.72,81.9
20029,KS,CLOUD,328457.0,457818.88,71.7
20031,KS,COFFEY,314123.0,401206.4,78.3
20033,KS,COMANCHE,451953.0,504510.72,89.6
20035,KS,COWLEY,519270.0,720472.3200000001,72.1
20037,KS,CRAWFORD,352793.0,377453.43999999994,93.5
20039,KS,DECATUR,514685.0,571850.88,90.0
20041,KS,DICKINSON,455551.0,542123.52,84.0
20043,KS,DONIPHAN,154259.0,251826.56,61.3
20045,KS,DOUGLAS,218949.0,291690.24,75.1
20047,KS,EDWARDS,396962.0,398012.16000000003,99.7
20049,KS,ELK,246966.0,412328.96,59.9
20051,KS,ELLIS,573649.0,575943.68,99.6
20053,KS,ELLSWORTH,306934.0,457968.0,67.0
20055,KS,FINNEY,821433.0,833278.0800000001,98.6
20057,KS,FORD,698533.0,702893.44,99.4
20059,KS,FRANKLIN,254532.0,365934.08,69.6
20061,KS,GEARY,176034.0,246181.76,71.5
20063,KS,GOVE,658365.0,685866.24,96.0
20065,KS,GRAHAM,400161.0,575057.28,69.6
20067,KS,GRANT,363590.0,367877.12,98.8
20069,KS,GRAY,553976.0,556074.88,99.6
20071,KS,GREELEY,495657.0,498178.56,99.5
20073,KS,GREENWOOD,674590.0,731714.56,92.2
20075,KS,HAMILTON,637056.0,637768.96,99.9
20077,KS,HARPER,444647.0,512815.36,86.7
20079,KS,HARVEY,343919.0,345443.83999999997,99.6
20081,KS,HASKELL,334602.0,369613.43999999994,90.5
20083,KS,HODGEMAN,518034.0,550394.88,94.1
20085,KS,JACKSON,263210.0,419980.16000000003,62.7
20087,KS,JEFFERSON,187336.0,340880.64,55.0
20089,KS,JEWELL,462604.0,582381.44,79.4
20091,KS,JOHNSON,53247.0,303119.36,17.6
20093,KS,KEARNY,553074.0,557147.52,99.3
20095,KS,KINGMAN,450053.0,552588.16,81.4
20097,KS,KIOWA,367358.0,462489.6,79.4
20099,KS,LABETTE,364342.0,413051.52,88.2
20101,KS,LANE,458845.0,459141.76,99.9
20103,KS,LEAVENWORTH,150003.0,296580.48,50.6
20105,KS,LINCOLN,286803.0,460413.43999999994,62.3
20107,KS,LINN,288612.0,380211.84,75.9
20109,KS,LOGAN,551683.0,686715.52,80.3
20111,KS,LYON,469248.0,542385.9199999999,86.5
20113,KS,MCPHERSON,571571.0,574902.4,99.4
20115,KS,MARION,600561.0,604351.36,99.4
20117,KS,MARSHALL,443244.0,576113.92,76.9
20119,KS,MEADE,624369.0,625973.12,99.7
20121,KS,MIAMI,273336.0,368562.56,74.2
20123,KS,MITCHELL,421946.0,449146.88,93.9
20125,KS,MONTGOMERY,300352.0,411900.16000000003,72.9
20127,KS,MORRIS,441414.0,445019.51999999996,99.2
20129,KS,MORTON,449871.0,467027.83999999997,96.3
20131,KS,NEMAHA,410751.0,459153.28,89.5
20133,KS,NEOSHO,319747.0,365747.83999999997,87.4
20135,KS,NESS,685153.0,687832.96,99.6
20137,KS,NORTON,450829.0,561948.16,80.2
20139,KS,OSAGE,337246.0,451523.83999999997,74.7
20141,KS,OSBORNE,424101.0,571210.24,74.2
20143,KS,OTTAWA,381011.0,461267.2,82.6
20145,KS,PAWNEE,412958.0,482728.32,85.5
20147,KS,PHILLIPS,460080.0,566957.44,81.1
20149,KS,POTTAWATOMIE,404286.0,538073.6,75.1
20151,KS,PRATT,463932.0,470424.95999999996,98.6
20153,KS,RAWLINS,631243.0,684426.24,92.2
20155,KS,RENO,779043.0,803397.12,97.0
20157,KS,REPUBLIC,315020.0,459121.27999999997,68.6
20159,KS,RICE,384753.0,464789.76,82.8
20161,KS,RILEY,209517.0,390198.39999999997,53.7
20163,KS,ROOKS,567973.0,569937.28,99.7
20165,KS,RUSH,337199.0,459368.32,73.4
20167,KS,RUSSELL,432200.0,567206.4,76.2
20169,KS,SALINE,314203.0,460957.44,68.2
20171,KS,SCOTT,458248.0,459254.4,99.8
20173,KS,SEDGWICK,474946.0,638039.04,74.4
20175,KS,SEWARD,392849.0,409377.92000000004,96.0
20177,KS,SHAWNEE,163838.0,348176.63999999996,47.1
20179,KS,SHERIDAN,469691.0,573412.48,81.9
20181,KS,SHERMAN,674867.0,675880.9600000001,99.8
20183,KS,SMITH,551930.0,573096.9600000001,96.3
20185,KS,STAFFORD,405396.0,506909.44000000006,80.0
20187,KS,STANTON,432788.0,435425.27999999997,99.4
20189,KS,STEVENS,460825.0,465446.4,99.0
20191,KS,SUMNER,750650.0,756267.5199999999,99.3
20193,KS,THOMAS,615525.0,687799.0399999999,89.5
20195,KS,TREGO,490680.0,569263.36,86.2
20197,KS,WABAUNSEE,383644.0,508375.04000000004,75.5
20199,KS,WALLACE,557058.0,584737.28,95.3
20201,KS,WASHINGTON,443162.0,572645.76,77.4
20203,KS,WICHITA,459188.0,459882.24,99.8
20205,KS,WILSON,289239.0,365070.08,79.2
20207,KS,WOODSON,251633.0,318604.16000000003,79.0
20209,KS,WYANDOTTE,9316.0,97048.32,9.6
21001,KY,ADAIR,142751.0,259384.32,55.0
21003,KY,ALLEN,136286.0,220378.24,61.8
21005,KY,ANDERSON,59410.0,129387.52,45.9
21007,KY,BALLARD,93696.0,158033.28,59.3
21009,KY,BARREN,230539.0,312054.39999999997,73.9
21011,KY,BATH,124643.0,178430.08000000002,69.9
21013,KY,BELL,20545.0,229808.0,8.9
21015,KY,BOONE,71293.0,157624.32,45.2
21017,KY,BOURBON,183749.0,185437.44,99.1
21019,KY,BOYD,23843.0,102314.87999999999,23.3
21021,KY,BOYLE,96306.0,115424.0,83.4
21023,KY,BRACKEN,90102.0,129738.88,69.4
21025,KY,BREATHITT,33617.0,315146.24,10.7
21027,KY,BRECKINRIDGE,244558.0,364677.76,67.1
21029,KY,BULLITT,29789.0,190113.28000000003,15.7
21031,KY,BUTLER,172711.0,272698.88,63.3
21033,KY,CALDWELL,122775.0,220665.6,55.6
21035,KY,CALLOWAY,143172.0,246419.84,58.1
21037,KY,CAMPBELL,38744.0,96857.6,40.0
21039,KY,CARLISLE,107565.0,121241.6,88.7
21041,KY,CARROLL,44115.0,82353.92,53.6
21043,KY,CARTER,82568.0,262078.08000000002,31.5
21045,KY,CASEY,188753.0,284312.95999999996,66.4
21047,KY,CHRISTIAN,345270.0,459206.4,75.2
21049,KY,CLARK,135849.0,161591.68,84.1
21051,KY,CLAY,38581.0,300350.08,12.8
21053,KY,CLINTON,56133.0,126240.0,44.5
21055,KY,CRITTENDEN,133842.0,230376.32,58.1
21057,KY,CUMBERLAND,92797.0,195325.44,47.5
21059,KY,DAVIESS,271336.0,293370.24,92.5
21061,KY,EDMONSON,86574.0,193846.4,44.7
21063,KY,ELLIOTT,41226.0,149964.16,27.5
21065,KY,ESTILL,49684.0,161980.16,30.7
21067,KY,FAYETTE,124247.0,181527.68,68.4
21069,KY,FLEMING,157806.0,223068.80000000002,70.7
21071,KY,FLOYD,6898.0,251708.15999999997,2.7
21073,KY,FRANKLIN,63623.0,133020.16,47.8
21075,KY,FULTON,91864.0,131793.91999999998,69.7
21077,KY,GALLATIN,26928.0,62952.96000000001,42.8
21079,KY,GARRARD,108923.0,147269.76,74.0
21081,KY,GRANT,84737.0,165105.27999999997,51.3
21083,KY,GRAVES,255830.0,353122.56,72.4
21085,KY,GRAYSON,232159.0,319953.92,72.6
21087,KY,GREEN,145130.0,183073.28000000003,79.3
21089,KY,GREENUP,72288.0,220455.68,32.8
21091,KY,HANCOCK,48270.0,120110.72,40.2
21093,KY,HARDIN,188728.0,398973.43999999994,47.3
21095,KY,HARLAN,10233.0,298131.84,3.4
21097,KY,HARRISON,164233.0,196103.68,83.7
21099,KY,HART,169858.0,264040.96,64.3
21101,KY,HENDERSON,180679.0,279248.64,64.7
21103,KY,HENRY,126077.0,183228.80000000002,68.8
21105,KY,HICKMAN,111590.0,155055.36,72.0
21107,KY,HOPKINS,219888.0,346933.75999999995,63.4
21109,KY,JACKSON,77791.0,220924.8,35.2
21111,KY,JEFFERSON,13266.0,243713.28000000003,5.4
21113,KY,JESSAMINE,71771.0,110187.52,65.1
21115,KY,JOHNSON,24320.0,167657.59999999998,14.5
21117,KY,KENTON,28810.0,102586.23999999999,28.1
21119,KY,KNOTT,9659.0,224971.52,4.3
21121,KY,KNOX,32034.0,247236.48,13.0
21123,KY,LARUE,111006.0,167393.91999999998,66.3
21125,KY,LAUREL,79761.0,277752.95999999996,28.7
21127,KY,LAWRENCE,54526.0,265981.44,20.5
21129,KY,LEE,29469.0,133669.76,22.0
21131,KY,LESLIE,26893.0,256567.68,10.5
21133,KY,LETCHER,4912.0,216275.2,2.3
21135,KY,LEWIS,123357.0,309017.6,39.9
21137,KY,LINCOLN,147519.0,213019.52000000002,69.3
21139,KY,LIVINGSTON,144892.0,200492.16,72.3
21141,KY,LOGAN,266727.0,353416.31999999995,75.5
21143,KY,LYON,35222.0,136858.88,25.7
21145,KY,MCCRACKEN,59709.0,159183.36,37.5
21147,KY,MCCREARY,17956.0,273154.56,6.6
21149,KY,MCLEAN,113120.0,161617.28,70.0
21151,KY,MADISON,191746.0,279908.48000000004,68.5
21153,KY,MAGOFFIN,59378.0,197404.16,30.1
21155,KY,MARION,168205.0,219549.44,76.6
21157,KY,MARSHALL,89160.0,193412.47999999998,46.1
21159,KY,MARTIN,9488.0,146955.52,6.5
21161,KY,MASON,98439.0,153680.64,64.1
21163,KY,MEADE,126388.0,195483.52,64.7
21165,KY,MENIFEE,24724.0,130294.40000000001,19.0
21167,KY,MERCER,142272.0,159400.96,89.3
21169,KY,METCALFE,124964.0,185370.24000000002,67.4
21171,KY,MONROE,148753.0,210835.2,70.6
21173,KY,MONTGOMERY,67199.0,126304.0,53.2
21175,KY,MORGAN,90351.0,243921.28,37.0
21177,KY,MUHLENBERG,129431.0,299109.12,43.3
21179,KY,NELSON,157488.0,267214.72000000003,58.9
21181,KY,NICHOLAS,76674.0,124903.68000000001,61.4
21183,KY,OHIO,138638.0,375863.04,36.9
21185,KY,OLDHAM,55910.0,119836.16,46.7
21187,KY,OWEN,136342.0,224709.12,60.7
21189,KY,OWSLEY,21686.0,126342.4,17.2
21191,KY,PENDLETON,91304.0,177381.12,51.5
21193,KY,PERRY,13549.0,217409.91999999998,6.2
21195,KY,PIKE,19397.0,503507.2,3.9
21197,KY,POWELL,26880.0,114547.84,23.5
21199,KY,PULASKI,200962.0,421383.04,47.7
21201,KY,ROBERTSON,24757.0,63949.44,38.7
21203,KY,ROCKCASTLE,90816.0,202590.08000000002,44.8
21205,KY,ROWAN,35111.0,179097.59999999998,19.6
21207,KY,RUSSELL,99006.0,162362.88,61.0
21209,KY,SCOTT,114772.0,180331.52,63.6
21211,KY,SHELBY,160081.0,243053.44,65.9
21213,KY,SIMPSON,109458.0,149891.2,73.0
21215,KY,SPENCER,58547.0,119504.64,49.0
21217,KY,TAYLOR,89598.0,170476.16000000003,52.6
21219,KY,TODD,187183.0,239683.83999999997,78.1
21221,KY,TRIGG,100908.0,282562.56,35.7
21223,KY,TRIMBLE,51335.0,97054.72,52.9
21225,KY,UNION,219151.0,219383.68,99.9
21227,KY,WARREN,234924.0,346700.80000000005,67.8
21229,KY,WASHINGTON,148205.0,190062.08,78.0
21231,KY,WAYNE,114107.0,293237.76,38.9
21233,KY,WEBSTER,184753.0,212543.36,86.9
21235,KY,WHITLEY,62190.0,280211.84,22.2
21237,KY,WOLFE,37779.0,142189.44,26.6
21239,KY,WOODFORD,103650.0,121677.44,85.2
22001,LA,ACADIA,285254.0,419356.16000000003,68.0
22003,LA,ALLEN,78688.0,487733.75999999995,16.1
22005,LA,ASCENSION,47062.0,185580.16,25.4
22007,LA,ASSUMPTION,64413.0,220173.44,29.3
22009,LA,AVOYELLES,294956.0,532442.88,55.4
22011,LA,BEAUREGARD,157030.0,740785.28,21.2
22013,LA,BIENVILLE,16269.0,519260.16000000003,3.1
22015,LA,BOSSIER,105381.0,537292.8,19.6
22017,LA,CADDO,155636.0,562859.52,27.7
22019,LA,CALCASIEU,284264.0,681012.4800000001,41.7
22021,LA,CALDWELL,70993.0,339052.8,20.9
22023,LA,CAMERON,153946.0,822168.96,18.7
22025,LA,CATAHOULA,289053.0,453136.0,63.8
22027,LA,CLAIBORNE,70182.0,483068.16,14.5
22029,LA,CONCORDIA,301766.0,446114.56,67.6
22031,LA,DE SOTO,158539.0,560927.36,28.3
22033,LA,EAST BATON ROUGE,52399.0,291521.28,18.0
22035,LA,EAST CARROLL,260617.0,269367.68,96.8
22037,LA,EAST FELICIANA,142040.0,290107.52,49.0
22039,LA,EVANGELINE,176523.0,423955.84,41.6
22041,LA,FRANKLIN,254721.0,399550.72,63.8
22043,LA,GRANT,40743.0,411640.32,9.9
22045,LA,IBERIA,111866.0,367176.96,30.5
22047,LA,IBERVILLE,174093.0,395980.16000000003,44.0
22049,LA,JACKSON,26063.0,364401.92000000004,7.2
22051,LA,JEFFERSON,25047.0,192607.36000000002,13.0
22053,LA,JEFFERSON DAVIS,297971.0,416972.8,71.5
22055,LA,LAFAYETTE,42861.0,172049.28,24.9
22057,LA,LAFOURCHE,185571.0,683387.5199999999,27.2
22059,LA,LA SALLE,18711.0,399906.56000000006,4.7
22061,LA,LINCOLN,75860.0,301847.04000000004,25.1
22063,LA,LIVINGSTON,24173.0,414801.27999999997,5.8
22065,LA,MADISON,235249.0,399472.0,58.9
22067,LA,MOREHOUSE,253897.0,508768.0,49.9
22069,LA,NATCHITOCHES,174224.0,802126.7200000001,21.7
22071,LA,ORLEANS,171.0,108479.36,0.2
22073,LA,OUACHITA,96690.0,390624.0,24.8
22075,LA,PLAQUEMINES,138501.0,499320.32,27.7
22077,LA,POINTE COUPEE,207821.0,356400.0,58.3
22079,LA,RAPIDES,191242.0,845331.84,22.6
22081,LA,RED RIVER,115713.0,248947.2,46.5
22083,LA,RICHLAND,227761.0,355592.32000000007,64.1
22085,LA,SABINE,82332.0,554640.0,14.8
22087,LA,SAINT BERNARD,39255.0,241610.88,16.2
22089,LA,SAINT CHARLES,12888.0,177754.88,7.3
22091,LA,SAINT HELENA,52455.0,261457.28,20.1
22093,LA,SAINT JAMES,44101.0,152231.03999999998,29.0
22095,LA,ST. JOHN THE BAPTIST,18887.0,137263.36,13.8
22097,LA,SAINT LANDRY,267660.0,591378.56,45.3
22099,LA,SAINT MARTIN,102604.0,471980.80000000005,21.7
22101,LA,SAINT MARY,65220.0,355739.51999999996,18.3
22103,LA,SAINT TAMMANY,61455.0,540971.52,11.4
22105,LA,TANGIPAHOA,86842.0,506349.44000000006,17.2
22107,LA,TENSAS,226282.0,385928.32,58.6
22109,LA,TERREBONNE,43451.0,787128.32,5.5
22111,LA,UNION,81494.0,561216.0,14.5
22113,LA,VERMILION,319376.0,751114.24,42.5
22115,LA,VERNON,35677.0,849100.16,4.2
22117,LA,WASHINGTON,96444.0,428567.67999999993,22.5
22119,LA,WEBSTER,30801.0,379705.6,8.1
22121,LA,WEST BATON ROUGE,46665.0,123101.44,37.9
22123,LA,WEST CARROLL,126785.0,230199.03999999998,55.1
22125,LA,WEST FELICIANA,36724.0,258122.24,14.2
22127,LA,WINN,25023.0,608002.56,4.1
23001,ME,ANDROSCOGGIN,42899.0,299489.92,14.3
23003,ME,AROOSTOOK,305052.0,4269495.680000001,7.1
23005,ME,CUMBERLAND,56704.0,535182.72,10.6
23007,ME,FRANKLIN,52085.0,1086083.2000000002,4.8
23009,ME,HANCOCK,60238.0,1015761.9199999999,5.9
23011,ME,KENNEBEC,69638.0,555185.28,12.5
23013,ME,KNOX,24233.0,233693.44,10.4
23015,ME,LINCOLN,26499.0,291754.88,9.1
23017,ME,OXFORD,82478.0,1329252.48,6.2
23019,ME,PENOBSCOT,100176.0,2174206.08,4.6
23021,ME,PISCATAQUIS,40622.0,2534951.68,1.6
23023,ME,SAGADAHOC,17774.0,162542.72,10.9
23025,ME,SOMERSET,119646.0,2511532.8,4.8
23027,ME,WALDO,54547.0,467181.44,11.7
23029,ME,WASHINGTON,121714.0,1640147.2,7.4
23031,ME,YORK,50741.0,634359.04,8.0
24001,MD,ALLEGANY,34179.0,270207.36,12.6
24003,MD,ANNE ARUNDEL,36003.0,265478.4,13.6
24005,MD,BALTIMORE,70217.0,382949.12,18.3
24009,MD,CALVERT,24654.0,136441.6,18.1
24011,MD,CAROLINE,111470.0,204442.88,54.5
24013,MD,CARROLL,130195.0,286483.2,45.4
24015,MD,CECIL,81040.0,221632.0,36.6
24017,MD,CHARLES,47747.0,293007.36,16.3
24019,MD,DORCHESTER,129197.0,346089.6,37.3
24021,MD,FREDERICK,188832.0,422778.24,44.7
24023,MD,GARRETT,95546.0,415409.28,23.0
24025,MD,HARFORD,65954.0,279760.64,23.6
24027,MD,HOWARD,37639.0,160608.0,23.4
24029,MD,KENT,141662.0,177297.28,79.9
24031,MD,MONTGOMERY,69759.0,315601.28,22.1
24033,MD,PRINCE GEORGES,32892.0,308896.0,10.6
24035,MD,QUEEN ANNES,162145.0,237881.6,68.2
24037,MD,ST MARYS,64380.0,229514.24,28.1
24039,MD,SOMERSET,63019.0,204639.36000000002,30.8
24041,MD,TALBOT,96228.0,171877.12,56.0
24043,MD,WASHINGTON,121251.0,292981.76,41.4
24045,MD,WICOMICO,69906.0,239634.56,29.2
24047,MD,WORCESTER,104121.0,299777.27999999997,34.7
25001,MA,BARNSTABLE,3956.0,252296.32,1.6
25003,MA,BERKSHIRE,71860.0,593199.36,12.1
25005,MA,BRISTOL,27956.0,353991.68,7.9
25007,MA,DUKES,6404.0,66049.28,9.7
25009,MA,ESSEX,18490.0,315213.44,5.9
25011,MA,FRANKLIN,71519.0,447493.12,16.0
25013,MA,HAMPDEN,29618.0,394883.2,7.5
25015,MA,HAMPSHIRE,53268.0,337431.04,15.8
25017,MA,MIDDLESEX,25752.0,523432.96,4.9
25019,MA,NANTUCKET,911.0,29562.88,3.1
25021,MA,NORFOLK,9435.0,253505.92,3.7
25023,MA,PLYMOUTH,54093.0,421443.2,12.8
25025,MA,SUFFOLK,206.0,37281.92,0.6
25027,MA,WORCESTER,90983.0,966828.8,9.4
26001,MI,ALCONA,34916.0,431779.19999999995,8.1
26003,MI,ALGER,18945.0,585621.76,3.2
26005,MI,ALLEGAN,209410.0,528161.92,39.6
26007,MI,ALPENA,58825.0,366014.08,16.1
26009,MI,ANTRIM,59432.0,304434.56,19.5
26011,MI,ARENAC,79791.0,232433.91999999998,34.3
26013,MI,BARAGA,16773.0,574993.28,2.9
26015,MI,BARRY,143772.0,353986.56000000006,40.6
26017,MI,BAY,190098.0,283141.76,67.1
26019,MI,BENZIE,15800.0,204606.71999999997,7.7
26021,MI,BERRIEN,144490.0,363379.83999999997,39.8
26023,MI,BRANCH,222892.0,324103.04,68.8
26025,MI,CALHOUN,204143.0,452007.67999999993,45.2
26027,MI,CASS,193125.0,313669.12,61.6
26029,MI,CHARLEVOIX,23947.0,266451.2,9.0
26031,MI,CHEBOYGAN,41010.0,457778.56,9.0
26033,MI,CHIPPEWA,84200.0,997444.48,8.4
26035,MI,CLARE,46699.0,361194.88,12.9
26037,MI,CLINTON,231991.0,362463.36000000004,64.0
26039,MI,CRAWFORD,1230.0,356105.6,0.3
26041,MI,DELTA,74221.0,749504.6400000001,9.9
26043,MI,DICKINSON,19463.0,487006.72,4.0
26045,MI,EATON,199560.0,368133.75999999995,54.2
26047,MI,EMMET,34913.0,299230.08,11.7
26049,MI,GENESEE,120218.0,407643.52,29.5
26051,MI,GLADWIN,52978.0,321143.04,16.5
26053,MI,GOGEBIC,5198.0,705367.04,0.7
26055,MI,GRAND TRAVERSE,44663.0,297175.04000000004,15.0
26057,MI,GRATIOT,305863.0,363763.83999999997,84.1
26059,MI,HILLSDALE,295615.0,382817.28,77.2
26061,MI,HOUGHTON,25808.0,645824.64,4.0
26063,MI,HURON,454627.0,535050.88,85.0
26065,MI,INGHAM,189573.0,355893.75999999995,53.3
26067,MI,IONIA,228542.0,365644.80000000005,62.5
26069,MI,IOSCO,28094.0,351426.56000000006,8.0
26071,MI,IRON,19704.0,746238.0800000001,2.6
26073,MI,ISABELLA,212342.0,366528.0,57.9
26075,MI,JACKSON,177091.0,449214.08,39.4
26077,MI,KALAMAZOO,145225.0,359651.2,40.4
26079,MI,KALKASKA,25005.0,358236.16000000003,7.0
26081,MI,KENT,144000.0,543315.8400000001,26.5
26083,MI,KEWEENAW,955.0,345671.68,0.3
26085,MI,LAKE,17761.0,363260.16000000003,4.9
26087,MI,LAPEER,162365.0,414069.12,39.2
26089,MI,LEELANAU,57189.0,222207.36000000002,25.7
26091,MI,LENAWEE,327255.0,479761.27999999997,68.2
26093,MI,LIVINGSTON,85787.0,361781.76,23.7
26095,MI,LUCE,8037.0,575408.0,1.4
26097,MI,MACKINAC,19050.0,654002.56,2.9
26099,MI,MACOMB,79326.0,306782.72000000003,25.9
26101,MI,MANISTEE,33568.0,347088.0,9.7
26103,MI,MARQUETTE,34930.0,1157792.64,3.0
26105,MI,MASON,75664.0,316780.16,23.9
26107,MI,MECOSTA,113732.0,355299.19999999995,32.0
26109,MI,MENOMINEE,76513.0,668186.24,11.5
26111,MI,MIDLAND,86940.0,331168.0,26.3
26113,MI,MISSAUKEE,118133.0,361464.32,32.7
26115,MI,MONROE,206377.0,351585.92,58.7
26117,MI,MONTCALM,232558.0,451410.55999999994,51.5
26119,MI,MONTMORENCY,20347.0,349872.0,5.8
26121,MI,MUSKEGON,65932.0,322504.95999999996,20.4
26123,MI,NEWAYGO,115914.0,536887.6799999999,21.6
26125,MI,OAKLAND,26114.0,555066.88,4.7
26127,MI,OCEANA,110627.0,344387.2,32.1
26129,MI,OGEMAW,70594.0,360641.92000000004,19.6
26131,MI,ONTONAGON,24764.0,839025.92,3.0
26133,MI,OSCEOLA,101077.0,362423.04,27.9
26135,MI,OSCODA,13278.0,362031.36,3.7
26137,MI,OTSEGO,46046.0,329603.83999999997,14.0
26139,MI,OTTAWA,144491.0,360652.8,40.1
26141,MI,PRESQUE ISLE,70263.0,421578.88,16.7
26143,MI,ROSCOMMON,4107.0,332734.08,1.2
26145,MI,SAGINAW,299187.0,512510.08,58.4
26147,MI,ST CLAIR,170294.0,461772.16000000003,36.9
26149,MI,ST JOSEPH,238547.0,320408.96,74.5
26151,MI,SANILAC,471070.0,616045.4400000001,76.5
26153,MI,SCHOOLCRAFT,13042.0,750000.64,1.7
26155,MI,SHIAWASSEE,206410.0,339818.88,60.7
26157,MI,TUSCOLA,338072.0,515104.64,65.6
26159,MI,VAN BUREN,131486.0,388987.52,33.8
26161,MI,WASHTENAW,177064.0,451841.92000000004,39.2
26163,MI,WAYNE,10392.0,391587.83999999997,2.7
26165,MI,WEXFORD,42619.0,361552.0,11.8
27001,MN,AITKIN,120748.0,1165676.16,10.4
27003,MN,ANOKA,30064.0,270056.96,11.1
27005,MN,BECKER,381537.0,841623.68,45.3
27007,MN,BELTRAMI,173158.0,1603010.56,10.8
27009,MN,BENTON,134358.0,261310.08000000002,51.4
27011,MN,BIG STONE,263888.0,319465.60000000003,82.6
27013,MN,BLUE EARTH,478133.0,478623.36000000004,99.9
27015,MN,BROWN,302331.0,391109.76,77.3
27017,MN,CARLTON,125420.0,551162.24,22.8
27019,MN,CARVER,156676.0,226574.08,69.2
27021,MN,CASS,134449.0,1293742.72,10.4
27023,MN,CHIPPEWA,364695.0,371987.2,98.0
27025,MN,CHISAGO,81038.0,265535.36,30.5
27027,MN,CLAY,556161.0,668912.6399999999,83.1
27029,MN,CLEARWATER,159856.0,639248.64,25.0
27031,MN,COOK,1940.0,929642.88,0.2
27033,MN,COTTONWOOD,392494.0,409582.72,95.8
27035,MN,CROW WING,92791.0,638948.48,14.5
27037,MN,DAKOTA,208517.0,360028.16,57.9
27039,MN,DODGE,280440.0,281140.48,99.8
27041,MN,DOUGLAS,268096.0,407639.68,65.8
27043,MN,FARIBAULT,383231.0,455986.56000000006,84.0
27045,MN,FILLMORE,470312.0,551253.12,85.3
27047,MN,FREEBORN,351174.0,452636.8,77.6
27049,MN,GOODHUE,421698.0,484290.55999999994,87.1
27051,MN,GRANT,338754.0,350592.0,96.6
27053,MN,HENNEPIN,32406.0,354583.68000000005,9.1
27055,MN,HOUSTON,223021.0,353352.32000000007,63.1
27057,MN,HUBBARD,98144.0,592644.48,16.6
27059,MN,ISANTI,101666.0,278885.12,36.5
27061,MN,ITASCA,96375.0,1707353.5999999999,5.6
27063,MN,JACKSON,384337.0,449902.07999999996,85.4
27065,MN,KANABEC,99182.0,333830.4,29.7
27067,MN,KANDIYOHI,494447.0,510320.0,96.9
27069,MN,KITTSON,602709.0,703360.0,85.7
27071,MN,KOOCHICHING,60919.0,1986948.48,3.1
27073,MN,LAC QUI PARLE,410959.0,489613.43999999994,83.9
27075,MN,LAKE,1422.0,1349829.12,0.1
27077,MN,LAKE OF THE WOODS,109394.0,830618.8800000001,13.2
27079,MN,LE SUEUR,205774.0,287151.36,71.7
27081,MN,LINCOLN,212420.0,343541.76,61.8
27083,MN,LYON,424591.0,457223.04,92.9
27085,MN,MCLEOD,246163.0,314566.4,78.3
27087,MN,MAHNOMEN,217882.0,357034.88,61.0
27089,MN,MARSHALL,912128.0,1136040.32,80.3
27091,MN,MARTIN,454025.0,455891.84,99.6
27093,MN,MEEKER,308376.0,389099.51999999996,79.3
27095,MN,MILLE LACS,96684.0,366275.84,26.4
27097,MN,MORRISON,361789.0,720060.16,50.2
27099,MN,MOWER,380070.0,455214.72000000003,83.5
27101,MN,MURRAY,351476.0,450986.88,77.9
27103,MN,NICOLLET,278870.0,287098.88,97.1
27105,MN,NOBLES,366330.0,457674.88,80.0
27107,MN,NORMAN,491694.0,558584.96,88.0
27109,MN,OLMSTED,308004.0,418247.67999999993,73.6
27111,MN,OTTER TAIL,770922.0,1261845.76,61.1
27113,MN,PENNINGTON,258956.0,394610.55999999994,65.6
27115,MN,PINE,164801.0,903255.6799999999,18.2
27117,MN,PIPESTONE,227976.0,297633.92,76.6
27119,MN,POLK,1083394.0,1261439.36,85.9
27121,MN,POPE,310041.0,428503.04,72.4
27123,MN,RAMSEY,799.0,97439.36,0.8
27125,MN,RED LAKE,196716.0,276740.48,71.1
27127,MN,REDWOOD,560222.0,562286.72,99.6
27129,MN,RENVILLE,626065.0,629059.2,99.5
27131,MN,RICE,249881.0,317337.6,78.7
27133,MN,ROCK,261220.0,308773.76,84.6
27135,MN,ROSEAU,537341.0,1069899.52,50.2
27137,MN,ST. LOUIS,162061.0,3998784.0,4.1
27139,MN,SCOTT,99629.0,228014.08,43.7
27141,MN,SHERBURNE,85044.0,277061.76,30.7
27143,MN,SIBLEY,373628.0,376853.75999999995,99.1
27145,MN,STEARNS,643463.0,859410.5599999999,74.9
27147,MN,STEELE,245834.0,274972.8,89.4
27149,MN,STEVENS,330936.0,360691.2,91.8
27151,MN,SWIFT,374933.0,474871.04,79.0
27153,MN,TODD,321168.0,604862.72,53.1
27155,MN,TRAVERSE,309539.0,367278.07999999996,84.3
27157,MN,WABASHA,235417.0,334670.08,70.3
27159,MN,WADENA,123335.0,343262.07999999996,35.9
27161,MN,WASECA,266866.0,270952.32,98.5
27163,MN,WASHINGTON,50806.0,246219.52000000002,20.6
27165,MN,WATONWAN,263479.0,278366.08,94.7
27167,MN,WILKIN,401044.0,480664.32,83.4
27169,MN,WINONA,295658.0,400753.28,73.8
27171,MN,WRIGHT,224831.0,423141.76,53.1
27173,MN,YELLOW MEDICINE,383404.0,485824.64,78.9
28001,MS,ADAMS,58846.0,295900.16,19.9
28003,MS,ALCORN,85454.0,256028.15999999997,33.4
28005,MS,AMITE,80958.0,467264.0,17.3
28007,MS,ATTALA,145490.0,470372.48,30.9
28009,MS,BENTON,93844.0,260234.24,36.1
28011,MS,BOLIVAR,454619.0,560964.48,81.0
28013,MS,CALHOUN,180673.0,375406.72,48.1
28015,MS,CARROLL,127775.0,402168.32,31.8
28017,MS,CHICKASAW,163560.0,321140.48,50.9
28019,MS,CHOCTAW,40712.0,267646.08,15.2
28021,MS,CLAIBORNE,67446.0,311945.60000000003,21.6
28023,MS,CLARKE,59638.0,442608.64,13.5
28025,MS,CLAY,157471.0,262446.08,60.0
28027,MS,COAHOMA,281591.0,353985.27999999997,79.5
28029,MS,COPIAH,103863.0,497462.39999999997,20.9
28031,MS,COVINGTON,71060.0,264844.16000000003,26.8
28033,MS,DE SOTO,135985.0,304861.44,44.6
28035,MS,FORREST,30551.0,298266.88,10.2
28037,MS,FRANKLIN,55232.0,360936.96,15.3
28039,MS,GEORGE,66898.0,306365.44,21.8
28041,MS,GREENE,59945.0,456152.32000000007,13.1
28043,MS,GRENADA,93914.0,270158.08,34.8
28045,MS,HANCOCK,23946.0,303336.96,7.9
28047,MS,HARRISON,14463.0,367130.24,3.9
28049,MS,HINDS,224068.0,556700.8,40.2
28051,MS,HOLMES,278596.0,484271.36,57.5
28053,MS,HUMPHREYS,192073.0,267955.2,71.7
28055,MS,ISSAQUENA,132550.0,264307.2,50.1
28057,MS,ITAWAMBA,89001.0,340988.8,26.1
28059,MS,JACKSON,27669.0,462608.0,6.0
28061,MS,JASPER,60775.0,432839.04000000004,14.0
28063,MS,JEFFERSON,61569.0,332757.12,18.5
28065,MS,JEFFERSON DAVIS,53739.0,261405.44,20.6
28067,MS,JONES,97409.0,444700.80000000005,21.9
28069,MS,KEMPER,137623.0,490356.48,28.1
28071,MS,LAFAYETTE,110895.0,404286.08,27.4
28073,MS,LAMAR,52915.0,317804.8,16.7
28075,MS,LAUDERDALE,67105.0,450351.36,14.9
28077,MS,LAWRENCE,52696.0,275585.27999999997,19.1
28079,MS,LEAKE,85196.0,373054.08,22.8
28081,MS,LEE,97272.0,287977.6,33.8
28083,MS,LEFLORE,300354.0,380207.36,79.0
28085,MS,LINCOLN,79786.0,375172.48,21.3
28087,MS,LOWNDES,105787.0,323486.72,32.7
28089,MS,MADISON,197702.0,457189.12,43.2
28091,MS,MARION,55155.0,347134.72000000003,15.9
28093,MS,MARSHALL,189255.0,451958.39999999997,41.9
28095,MS,MONROE,162823.0,489658.88,33.3
28097,MS,MONTGOMERY,105955.0,260467.84,40.7
28099,MS,NESHOBA,89971.0,364885.76,24.7
28101,MS,NEWTON,91201.0,369772.8,24.7
28103,MS,NOXUBEE,214860.0,444901.12,48.3
28105,MS,OKTIBBEHA,100927.0,293272.95999999996,34.4
28107,MS,PANOLA,177462.0,438512.0,40.5
28109,MS,PEARL RIVER,104384.0,519244.16,20.1
28111,MS,PERRY,44071.0,414260.48000000004,10.6
28113,MS,PIKE,57529.0,261878.4,22.0
28115,MS,PONTOTOC,142364.0,318600.32,44.7
28117,MS,PRENTISS,127115.0,265590.4,47.9
28119,MS,QUITMAN,182110.0,259207.68,70.3
28121,MS,RANKIN,99015.0,496317.44,19.9
28123,MS,SCOTT,115648.0,389907.83999999997,29.7
28125,MS,SHARKEY,177028.0,276300.80000000005,64.1
28127,MS,SIMPSON,97311.0,377065.6,25.8
28129,MS,SMITH,83160.0,407211.52,20.4
28131,MS,STONE,36502.0,285110.4,12.8
28133,MS,SUNFLOWER,381831.0,446565.76,85.5
28135,MS,TALLAHATCHIE,269948.0,413177.60000000003,65.3
28137,MS,TATE,144720.0,259048.31999999998,55.9
28139,MS,TIPPAH,94687.0,293006.08,32.3
28141,MS,TISHOMINGO,32282.0,271550.08,11.9
28143,MS,TUNICA,200871.0,290643.2,69.1
28145,MS,UNION,129221.0,265988.48000000004,48.6
28147,MS,WALTHALL,68536.0,258513.91999999998,26.5
28149,MS,WARREN,131145.0,376659.19999999995,34.8
28151,MS,WASHINGTON,422919.0,463342.07999999996,91.3
28153,MS,WAYNE,84815.0,518858.24,16.3
28155,MS,WEBSTER,46190.0,269541.12,17.1
28157,MS,WILKINSON,121506.0,433987.83999999997,28.0
28159,MS,WINSTON,89088.0,388640.64,22.9
28161,MS,YALOBUSHA,91270.0,298976.64,30.5
28163,MS,YAZOO,329908.0,590296.9600000001,55.9
29001,MO,ADAIR,249382.0,363087.36,68.7
29003,MO,ANDREW,157750.0,276884.48,57.0
29005,MO,ATCHISON,273607.0,350262.39999999997,78.1
29007,MO,AUDRAIN,329649.0,443040.0,74.4
29009,MO,BARRY,279279.0,497998.07999999996,56.1
29011,MO,BARTON,365241.0,378899.19999999995,96.4
29013,MO,BATES,426962.0,535485.4400000001,79.7
29015,MO,BENTON,198779.0,450581.12,44.1
29017,MO,BOLLINGER,167603.0,395458.56,42.4
29019,MO,BOONE,196763.0,438753.92,44.8
29021,MO,BUCHANAN,140427.0,261279.36000000002,53.7
29023,MO,BUTLER,250359.0,444643.83999999997,56.3
29025,MO,CALDWELL,218258.0,272890.88,80.0
29027,MO,CALLAWAY,289024.0,534122.88,54.1
29029,MO,CAMDEN,147003.0,419863.04,35.0
29031,MO,CAPE GIRARDEAU,255019.0,370250.88,68.9
29033,MO,CARROLL,393921.0,444558.07999999996,88.6
29035,MO,CARTER,70610.0,324709.76,21.7
29037,MO,CASS,301581.0,445833.6,67.6
29039,MO,CEDAR,223426.0,303660.80000000005,73.6
29041,MO,CHARITON,372047.0,480753.92,77.4
29043,MO,CHRISTIAN,174620.0,360083.83999999997,48.5
29045,MO,CLARK,215798.0,322947.83999999997,66.8
29047,MO,CLAY,86064.0,254504.32,33.8
29049,MO,CLINTON,190097.0,268121.6,70.9
29051,MO,COLE,143831.0,250590.72,57.4
29053,MO,COOPER,262105.0,361440.0,72.5
29055,MO,CRAWFORD,194055.0,475185.27999999997,40.8
29057,MO,DADE,313523.0,313606.4,100.0
29059,MO,DALLAS,166832.0,346208.64,48.2
29061,MO,DAVIESS,320474.0,360500.48000000004,88.9
29063,MO,DE KALB,191284.0,269669.12,70.9
29065,MO,DENT,203855.0,481767.04,42.3
29067,MO,DOUGLAS,336408.0,520718.72000000003,64.6
29069,MO,DUNKLIN,302199.0,346821.76,87.1
29071,MO,FRANKLIN,265858.0,590495.36,45.0
29073,MO,GASCONADE,192365.0,332163.2,57.9
29075,MO,GENTRY,268094.0,314510.08,85.2
29077,MO,GREENE,197605.0,432210.55999999994,45.7
29079,MO,GRUNDY,214652.0,278587.52,77.1
29081,MO,HARRISON,403261.0,462410.88,87.2
29083,MO,HENRY,362617.0,446039.04000000004,81.3
29085,MO,HICKORY,177802.0,255237.12,69.7
29087,MO,HOLT,220066.0,296123.52,74.3
29089,MO,HOWARD,206874.0,296832.64,69.7
29091,MO,HOWELL,363963.0,593393.28,61.3
29093,MO,IRON,84993.0,352168.32,24.1
29095,MO,JACKSON,80664.0,386892.8,20.8
29097,MO,JASPER,270662.0,408643.83999999997,66.2
29099,MO,JEFFERSON,106429.0,420125.44,25.3
29101,MO,JOHNSON,415874.0,530727.04,78.4
29103,MO,KNOX,224997.0,322565.76,69.8
29105,MO,LACLEDE,307082.0,489363.83999999997,62.8
29107,MO,LAFAYETTE,286192.0,402099.19999999995,71.2
29109,MO,LAWRENCE,312640.0,391512.32000000007,79.9
29111,MO,LEWIS,220282.0,323210.88,68.2
29113,MO,LINCOLN,218355.0,400999.68,54.5
29115,MO,LINN,326008.0,393976.31999999995,82.7
29117,MO,LIVINGSTON,286858.0,340673.92,84.2
29119,MO,MCDONALD,191401.0,345244.80000000005,55.4
29121,MO,MACON,432256.0,512773.12,84.3
29123,MO,MADISON,96231.0,316407.04000000004,30.4
29125,MO,MARIES,216335.0,337267.83999999997,64.1
29127,MO,MARION,193536.0,279630.08,69.2
29129,MO,MERCER,207759.0,290454.39999999997,71.5
29131,MO,MILLER,242451.0,379246.08,63.9
29133,MO,MISSISSIPPI,260982.0,263421.44,99.1
29135,MO,MONITEAU,189462.0,265619.19999999995,71.3
29137,MO,MONROE,285759.0,414483.2,68.9
29139,MO,MONTGOMERY,198095.0,342430.08,57.8
29141,MO,MORGAN,213322.0,382486.4,55.8
29143,MO,NEW MADRID,346144.0,431925.76,80.1
29145,MO,NEWTON,239381.0,399842.56,59.9
29147,MO,NODAWAY,380179.0,561256.9600000001,67.7
29149,MO,OREGON,272656.0,505500.16000000003,53.9
29151,MO,OSAGE,323170.0,388211.2,83.2
29153,MO,OZARK,229631.0,476803.2,48.2
29155,MO,PEMISCOT,294693.0,315267.2,93.5
29157,MO,PERRY,193440.0,303587.2,63.7
29159,MO,PETTIS,360253.0,436631.04,82.5
29161,MO,PHELPS,174422.0,429943.68000000005,40.6
29163,MO,PIKE,331162.0,429080.95999999996,77.2
29165,MO,PLATTE,147941.0,268673.28,55.1
29167,MO,POLK,340780.0,406737.28,83.8
29169,MO,PULASKI,117115.0,350151.68,33.4
29171,MO,PUTNAM,295526.0,331082.88,89.3
29173,MO,RALLS,191799.0,300663.68,63.8
29175,MO,RANDOLPH,212214.0,308935.68,68.7
29177,MO,RAY,259143.0,364139.51999999996,71.2
29179,MO,REYNOLDS,72900.0,517425.27999999997,14.1
29181,MO,RIPLEY,139907.0,402890.24,34.7
29183,MO,ST CHARLES,170588.0,358720.64,47.6
29185,MO,ST CLAIR,292065.0,431987.83999999997,67.6
29186,MO,STE GENEVIEVE,158419.0,319457.92000000004,49.6
29187,MO,ST FRANCOIS,94940.0,289207.04000000004,32.8
29189,MO,ST LOUIS,21936.0,325040.0,6.7
29195,MO,SALINE,426061.0,483526.4,88.1
29197,MO,SCHUYLER,143229.0,196675.2,72.8
29199,MO,SCOTLAND,212718.0,279364.48,76.1
29201,MO,SCOTT,213397.0,268803.2,79.4
29203,MO,SHANNON,133126.0,642444.8,20.7
29205,MO,SHELBY,254810.0,320552.32,79.5
29207,MO,STODDARD,417349.0,526810.88,79.2
29209,MO,STONE,87784.0,296848.64,29.6
29211,MO,SULLIVAN,318779.0,414708.48,76.9
29213,MO,TANEY,100205.0,404622.72,24.8
29215,MO,TEXAS,407913.0,753450.88,54.1
29217,MO,VERNON,495559.0,528890.24,93.7
29219,MO,WARREN,115250.0,274297.6,42.0
29221,MO,WASHINGTON,87234.0,486314.24,17.9
29223,MO,WAYNE,94567.0,485879.04000000004,19.5
29225,MO,WEBSTER,266345.0,379240.32,70.2
29227,MO,WORTH,148910.0,170642.56,87.3
29229,MO,WRIGHT,292986.0,436336.0,67.1
30001,MT,BEAVERHEAD,1012816.0,3547319.6799999997,28.6
30003,MT,BIG HORN,3191315.0,3198601.5999999996,99.8
30005,MT,BLAINE,1880136.0,2705610.88,69.5
30007,MT,BROADWATER,464721.0,763109.76,60.9
30009,MT,CARBON,738590.0,1310579.8399999999,56.4
30011,MT,CARTER,1682561.0,2137905.28,78.7
30013,MT,CASCADE,1364780.0,1726852.48,79.0
30015,MT,CHOUTEAU,2359276.0,2542412.8,92.8
30017,MT,CUSTER,2137368.0,2421317.7600000002,88.3
30019,MT,DANIELS,667686.0,912812.8,73.1
30021,MT,DAWSON,1177000.0,1518032.64,77.5
30023,MT,DEER LODGE,58289.0,471477.12,12.4
30025,MT,FALLON,862293.0,1037180.8,83.1
30027,MT,FERGUS,2315398.0,2777170.5599999996,83.4
30029,MT,FLATHEAD,160817.0,3255822.7199999997,4.9
30031,MT,GALLATIN,655883.0,1667425.2799999998,39.3
30033,MT,GARFIELD,2325298.0,2992998.4000000004,77.7
30035,MT,GLACIER,1115475.0,1916896.64,58.2
30037,MT,GOLDEN VALLEY,736973.0,751630.72,98.0
30039,MT,GRANITE,289810.0,1105383.68,26.2
30041,MT,HILL,1854358.0,1855616.64,99.9
30043,MT,JEFFERSON,454324.0,1060478.08,42.8
30045,MT,JUDITH BASIN,692347.0,1196599.68,57.9
30047,MT,LAKE,596272.0,953898.8800000001,62.5
30049,MT,LEWIS AND CLARK,996169.0,2213363.84,45.0
30051,MT,LIBERTY,913606.0,915192.3200000001,99.8
30053,MT,LINCOLN,50005.0,2312037.7600000002,2.2
30055,MT,MCCONE,1127416.0,1691024.0,66.7
30057,MT,MADISON,925384.0,2296419.84,40.3
30059,MT,MEAGHER,880397.0,1530795.52,57.5
30061,MT,MINERAL,13171.0,780556.1599999999,1.7
30063,MT,MISSOULA,339770.0,1659525.76,20.5
30065,MT,MUSSELSHELL,1126951.0,1196133.12,94.2
30067,MT,PARK,736194.0,1793586.5599999998,41.0
30069,MT,PETROLEUM,664043.0,1059600.0,62.7
30071,MT,PHILLIPS,1874160.0,3289870.0799999996,57.0
30073,MT,PONDERA,746528.0,1039722.88,71.8
30075,MT,POWDER RIVER,1854916.0,2110845.44,87.9
30077,MT,POWELL,549419.0,1488666.88,36.9
30079,MT,PRAIRIE,590631.0,1111425.92,53.1
30081,MT,RAVALLI,188084.0,1530218.8800000001,12.3
30083,MT,RICHLAND,1147949.0,1334115.84,86.0
30085,MT,ROOSEVELT,1218335.0,1506945.2799999998,80.8
30087,MT,ROSEBUD,2873641.0,3205206.4000000004,89.7
30089,MT,SANDERS,621625.0,1766656.0,35.2
30091,MT,SHERIDAN,991016.0,1073242.24,92.3
30093,MT,SILVER BOW,68857.0,459509.12,15.0
30095,MT,STILLWATER,568671.0,1149917.44,49.5
30097,MT,SWEET GRASS,921433.0,1187543.04,77.6
30099,MT,TETON,913638.0,1453834.24,62.8
30101,MT,TOOLE,1191112.0,1225512.96,97.2
30103,MT,TREASURE,499471.0,625792.64,79.8
30105,MT,VALLEY,1696229.0,3152712.96,53.8
30107,MT,WHEATLAND,677703.0,910387.84,74.4
30109,MT,WIBAUX,407570.0,569325.4400000001,71.6
30111,MT,YELLOWSTONE,1433440.0,1685419.52,85.0
31001,NE,ADAMS,334735.0,360495.36,92.9
31003,NE,ANTELOPE,525448.0,548580.48,95.8
31005,NE,ARTHUR,408830.0,457697.28,89.3
31007,NE,BANNER,447050.0,477464.95999999996,93.6
31009,NE,BLAINE,331846.0,454842.24,73.0
31011,NE,BOONE,409932.0,439387.52,93.3
31013,NE,BOX BUTTE,685555.0,688232.96,99.6
31015,NE,BOYD,227518.0,345558.39999999997,65.8
31017,NE,BROWN,774981.0,781667.84,99.1
31019,NE,BUFFALO,617069.0,619660.8,99.6
31021,NE,BURT,249577.0,314615.04000000004,79.3
31023,NE,BUTLER,359127.0,374331.52,95.9
31025,NE,CASS,299543.0,356702.07999999996,84.0
31027,NE,CEDAR,451579.0,473756.16000000003,95.3
31029,NE,CHASE,544157.0,572428.16,95.1
31031,NE,CHERRY,3795779.0,3814542.08,99.5
31033,NE,CHEYENNE,764545.0,765445.12,99.9
31035,NE,CLAY,365518.0,366264.95999999996,99.8
31037,NE,COLFAX,212605.0,263454.08,80.7
31039,NE,CUMING,362361.0,365134.08,99.2
31041,NE,CUSTER,1551863.0,1648380.1600000001,94.1
31043,NE,DAKOTA,167882.0,169136.64,99.3
31045,NE,DAWES,841294.0,893690.24,94.1
31047,NE,DAWSON,643088.0,648357.76,99.2
31049,NE,DEUEL,234166.0,281504.64,83.2
31051,NE,DIXON,275098.0,304710.4,90.3
31053,NE,DODGE,337094.0,338602.88,99.6
31055,NE,DOUGLAS,52000.0,208900.47999999998,24.9
31057,NE,DUNDY,527593.0,588593.92,89.6
31059,NE,FILLMORE,361979.0,368237.44,98.3
31061,NE,FRANKLIN,278695.0,368522.24,75.6
31063,NE,FRONTIER,514667.0,623763.84,82.5
31065,NE,FURNAS,425046.0,460244.48,92.4
31067,NE,GAGE,541630.0,544935.04,99.4
31069,NE,GARDEN,1084744.0,1091433.6,99.4
31071,NE,GARFIELD,356737.0,364371.2,97.9
31073,NE,GOSPER,218098.0,293219.19999999995,74.4
31075,NE,GRANT,494881.0,497270.4,99.5
31077,NE,GREELEY,155366.0,364679.04000000004,42.6
31079,NE,HALL,273923.0,349689.6,78.3
31081,NE,HAMILTON,298232.0,346950.4,86.0
31083,NE,HARLAN,245201.0,354218.24,69.2
31085,NE,HAYES,404934.0,456359.68,88.7
31087,NE,HITCHCOCK,360921.0,454363.52,79.4
31089,NE,HOLT,1542780.0,1543934.08,99.9
31091,NE,HOOKER,421510.0,461542.39999999997,91.3
31093,NE,HOWARD,230525.0,364376.31999999995,63.3
31095,NE,JEFFERSON,285075.0,364913.92,78.1
31097,NE,JOHNSON,128141.0,240688.0,53.2
31099,NE,KEARNEY,308416.0,330395.52,93.3
31101,NE,KEITH,440532.0,679516.1599999999,64.8
31103,NE,KEYA PAHA,343426.0,494768.64,69.4
31105,NE,KIMBALL,607195.0,609242.88,99.7
31107,NE,KNOX,482157.0,709403.52,68.0
31109,NE,LANCASTER,407381.0,536039.04,76.0
31111,NE,LINCOLN,1638602.0,1641049.5999999999,99.9
31113,NE,LOGAN,303050.0,365246.72,83.0
31115,NE,LOUP,253891.0,360653.43999999994,70.4
31117,NE,MCPHERSON,548732.0,549923.2,99.8
31119,NE,MADISON,304018.0,366478.07999999996,83.0
31121,NE,MERRICK,208714.0,311845.76,66.9
31123,NE,MORRILL,909153.0,911370.88,99.8
31125,NE,NANCE,134404.0,282625.92,47.6
31127,NE,NEMAHA,242887.0,260721.28,93.2
31129,NE,NUCKOLLS,319737.0,368099.19999999995,86.9
31131,NE,OTOE,368524.0,394024.95999999996,93.5
31133,NE,PAWNEE,201868.0,275888.0,73.2
31135,NE,PERKINS,559496.0,565320.32,99.0
31137,NE,PHELPS,282710.0,345465.6,81.8
31139,NE,PIERCE,251807.0,366879.36,68.6
31141,NE,PLATTE,430831.0,431392.0,99.9
31143,NE,POLK,218406.0,280749.44,77.8
31145,NE,RED WILLOW,429119.0,458883.83999999997,93.5
31147,NE,RICHARDSON,314864.0,353178.24,89.2
31149,NE,ROCK,634797.0,645307.52,98.4
31151,NE,SALINE,286753.0,367399.04000000004,78.0
31153,NE,SARPY,58504.0,152384.64,38.4
31155,NE,SAUNDERS,475844.0,479313.92,99.3
31157,NE,SCOTTS BLUFF,381842.0,473349.12,80.7
31159,NE,SEWARD,359043.0,365715.19999999995,98.2
31161,NE,SHERIDAN,1556968.0,1562166.4000000001,99.7
31163,NE,SHERMAN,222304.0,362145.92,61.4
31165,NE,SIOUX,1236360.0,1322702.08,93.5
31167,NE,STANTON,193736.0,273669.12,70.8
31169,NE,THAYER,322662.0,367236.48,87.9
31171,NE,THOMAS,432498.0,456049.28,94.8
31173,NE,THURSTON,155821.0,251893.76,61.9
31175,NE,VALLEY,262372.0,363591.68,72.2
31177,NE,WASHINGTON,216575.0,249572.47999999998,86.8
31179,NE,WAYNE,262185.0,283466.24,92.5
31181,NE,WEBSTER,324449.0,367944.32,88.2
31183,NE,WHEELER,313003.0,368117.12,85.0
31185,NE,YORK,349139.0,366406.4,95.3
32001,NV,CHURCHILL,170124.0,3168100.48,5.4
32003,NV,CLARK,,5050663.04,
32005,NV,DOUGLAS,121231.0,454710.4,26.7
32007,NV,ELKO,2081839.0,10991005.44,18.9
32009,NV,ESMERALDA,18715.0,2292408.96,0.8
32011,NV,EUREKA,602862.0,2672440.3200000003,22.6
32013,NV,HUMBOLDT,945924.0,6170106.88,15.3
32015,NV,LANDER,374113.0,3532318.08,10.6
32017,NV,LINCOLN,39136.0,6805367.04,0.6
32019,NV,LYON,186995.0,1281968.0,14.6
32021,NV,MINERAL,,2400821.12,
32023,NV,NYE,49634.0,11636424.96,0.4
32027,NV,PERSHING,293968.0,3863416.96,7.6
32029,NV,STOREY,,168817.92,
32031,NV,WASHOE,477037.0,4042160.64,11.8
32033,NV,WHITE PINE,215932.0,5687465.600000001,3.8
32510,NV,CARSON CITY,1591.0,92501.76,1.7
33001,NH,BELKNAP,28483.0,257182.08,11.1
33003,NH,CARROLL,21207.0,596392.96,3.6
33005,NH,CHESHIRE,40003.0,452293.75999999995,8.8
33007,NH,COOS,47598.0,1148527.36,4.1
33009,NH,GRAFTON,86325.0,1093503.3599999999,7.9
33011,NH,HILLSBOROUGH,39253.0,560976.64,7.0
33013,NH,MERRIMACK,60942.0,597055.36,10.2
33015,NH,ROCKINGHAM,26537.0,445050.24,6.0
33017,NH,STRAFFORD,28143.0,235180.80000000002,12.0
33019,NH,SULLIVAN,38696.0,344240.64,11.2
34001,NJ,ATLANTIC,30674.0,355528.96,8.6
34003,NJ,BERGEN,771.0,148984.32,0.5
34005,NJ,BURLINGTON,93594.0,511542.39999999997,18.3
34007,NJ,CAMDEN,7431.0,141671.68,5.2
34009,NJ,CAPE MAY,7821.0,160974.08,4.9
34011,NJ,CUMBERLAND,68491.0,309351.04,22.1
34013,NJ,ESSEX,,80694.4,
34015,NJ,GLOUCESTER,42076.0,206084.48,20.4
34017,NJ,HUDSON,,29564.160000000003,
34019,NJ,HUNTERDON,91588.0,273814.39999999997,33.4
34021,NJ,MERCER,19030.0,143665.92,13.2
34023,NJ,MIDDLESEX,12302.0,197918.08000000002,6.2
34025,NJ,MONMOUTH,44226.0,299636.48,14.8
34027,NJ,MORRIS,14552.0,295022.07999999996,4.9
34029,NJ,OCEAN,6961.0,402103.04,1.7
34031,NJ,PASSAIC,1830.0,119048.32,1.5
34033,NJ,SALEM,97465.0,212391.68000000002,45.9
34035,NJ,SOMERSET,30015.0,193194.24,15.5
34037,NJ,SUSSEX,71688.0,331944.32,21.6
34039,NJ,UNION,139.0,65770.24,0.2
34041,NJ,WARREN,70747.0,228186.24,31.0
35001,NM,BERNALILLO,,743196.7999999999,
35003,NM,CATRON,1396946.0,4431479.68,31.5
35005,NM,CHAVES,2309179.0,3882993.28,59.5
35006,NM,CIBOLA,1700895.0,2905589.7600000002,58.5
35007,NM,COLFAX,2035008.0,2405104.64,84.6
35009,NM,CURRY,891911.0,899536.64,99.2
35011,NM,DE BACA,928891.0,1486788.48,62.5
35013,NM,DONA ANA,713474.0,2437240.96,29.3
35015,NM,EDDY,640351.0,2672862.08,24.0
35017,NM,GRANT,794499.0,2535172.48,31.3
35019,NM,GUADALUPE,1258863.0,1939054.08,64.9
35021,NM,HARDING,911624.0,1360305.92,67.0
35023,NM,HIDALGO,699048.0,2200661.7600000002,31.8
35025,NM,LEA,1826208.0,2810593.28,65.0
35027,NM,LINCOLN,1430994.0,3091913.5999999996,46.3
35028,NM,LOS ALAMOS,,69838.72,
35029,NM,LUNA,714436.0,1897714.56,37.6
35031,NM,MCKINLEY,2420328.0,3488680.96,69.4
35033,NM,MORA,684546.0,1232799.36,55.5
35035,NM,OTERO,867162.0,4232039.68,20.5
35037,NM,QUAY,1834958.0,1839331.2,99.8
35039,NM,RIO ARRIBA,1346191.0,3750959.36,35.9
35041,NM,ROOSEVELT,1294906.0,1565472.64,82.7
35043,NM,SANDOVAL,881954.0,2374524.16,37.1
35045,NM,SAN JUAN,2417870.0,3531027.84,68.5
35047,NM,SAN MIGUEL,1662231.0,3021769.6,55.0
35049,NM,SANTA FE,494844.0,1222643.2000000002,40.5
35051,NM,SIERRA,1070677.0,2675973.1199999996,40.0
35053,NM,SOCORRO,1345407.0,4253687.68,31.6
35055,NM,TAOS,229129.0,1409518.72,16.3
35057,NM,TORRANCE,1692413.0,2140936.3200000003,79.1
35059,NM,UNION,1925764.0,2448032.0,78.7
35061,NM,VALENCIA,450426.0,682716.1599999999,66.0
36001,NY,ALBANY,50151.0,334648.32,15.0
36003,NY,ALLEGANY,116686.0,658838.3999999999,17.7
36005,NY,BRONX,,26992.0,
36007,NY,BROOME,70489.0,451608.32,15.6
36009,NY,CATTARAUGUS,162947.0,837224.3200000001,19.5
36011,NY,CAYUGA,222764.0,442615.68,50.3
36013,NY,CHAUTAUQUA,229885.0,678663.68,33.9
36015,NY,CHEMUNG,60337.0,260693.12000000002,23.1
36017,NY,CHENANGO,151105.0,571899.52,26.4
36019,NY,CLINTON,150155.0,664160.64,22.6
36021,NY,COLUMBIA,79391.0,406184.32,19.5
36023,NY,CORTLAND,91594.0,319215.36,28.7
36025,NY,DELAWARE,128232.0,923261.44,13.9
36027,NY,DUTCHESS,99652.0,509185.27999999997,19.6
36029,NY,ERIE,141829.0,667347.84,21.3
36031,NY,ESSEX,48510.0,1148238.08,4.2
36033,NY,FRANKLIN,139642.0,1042749.4400000001,13.4
36035,NY,FULTON,23234.0,317094.39999999997,7.3
36037,NY,GENESEE,176887.0,315480.96,56.1
36039,NY,GREENE,30213.0,414183.04,7.3
36041,NY,HAMILTON,1704.0,1099121.92,0.2
36043,NY,HERKIMER,106572.0,902775.04,11.8
36045,NY,JEFFERSON,249497.0,811464.3200000001,30.7
36047,NY,KINGS,,44401.28,
36049,NY,LEWIS,151420.0,816934.4,18.5
36051,NY,LIVINGSTON,196542.0,404327.67999999993,48.6
36053,NY,MADISON,170530.0,419104.0,40.7
36055,NY,MONROE,93901.0,420446.72,22.3
36057,NY,MONTGOMERY,113287.0,257991.03999999998,43.9
36059,NY,NASSAU,665.0,182106.87999999998,0.4
36061,NY,NEW YORK,12.0,14501.12,0.1
36063,NY,NIAGARA,121516.0,334305.92,36.3
36065,NY,ONEIDA,187672.0,775963.52,24.2
36067,NY,ONONDAGA,164239.0,498171.52,33.0
36069,NY,ONTARIO,174577.0,412208.0,42.4
36071,NY,ORANGE,65706.0,519728.64,12.6
36073,NY,ORLEANS,130055.0,250408.31999999998,51.9
36075,NY,OSWEGO,85696.0,609023.36,14.1
36077,NY,OTSEGO,140587.0,641111.6799999999,21.9
36079,NY,PUTNAM,3992.0,147361.28,2.7
36081,NY,QUEENS,69.0,69583.36,0.1
36083,NY,RENSSELAER,72542.0,417573.75999999995,17.4
36085,NY,RICHMOND,5.0,36814.72,0.0
36087,NY,ROCKLAND,442.0,111158.4,0.4
36089,NY,ST LAWRENCE,290391.0,1714812.8,16.9
36091,NY,SARATOGA,73771.0,518380.80000000005,14.2
36093,NY,SCHENECTADY,13967.0,130988.16,10.7
36095,NY,SCHOHARIE,108630.0,397964.16,27.3
36097,NY,SCHUYLER,70731.0,210139.52000000002,33.7
36099,NY,SENECA,103156.0,207166.71999999997,49.8
36101,NY,STEUBEN,362171.0,889925.12,40.7
36103,NY,SUFFOLK,33821.0,582981.76,5.8
36105,NY,SULLIVAN,58719.0,619612.8,9.5
36107,NY,TIOGA,118841.0,332010.88,35.8
36109,NY,TOMPKINS,92950.0,303770.88,30.6
36111,NY,ULSTER,73026.0,719511.04,10.1
36113,NY,WARREN,8159.0,555022.08,1.5
36115,NY,WASHINGTON,194060.0,531960.96,36.5
36117,NY,WAYNE,167220.0,386451.2,43.3
36119,NY,WESTCHESTER,6311.0,275662.72000000003,2.3
36121,NY,WYOMING,203915.0,379361.27999999997,53.8
36123,NY,YATES,117491.0,216408.96000000002,54.3
37001,NC,ALAMANCE,68769.0,271009.28,25.4
37003,NC,ALEXANDER,50799.0,166390.40000000002,30.5
37005,NC,ALLEGHANY,63298.0,150294.4,42.1
37007,NC,ANSON,84695.0,340135.04000000004,24.9
37009,NC,ASHE,84498.0,272808.96,31.0
37011,NC,AVERY,22598.0,158296.32,14.3
37013,NC,BEAUFORT,139853.0,532951.04,26.2
37015,NC,BERTIE,161862.0,447472.64,36.2
37017,NC,BLADEN,146195.0,560020.48,26.1
37019,NC,BRUNSWICK,45150.0,544053.12,8.3
37021,NC,BUNCOMBE,78245.0,420158.07999999996,18.6
37023,NC,BURKE,44077.0,323991.68,13.6
37025,NC,CABARRUS,64227.0,231188.48,27.8
37027,NC,CALDWELL,35964.0,302008.32,11.9
37029,NC,CAMDEN,54621.0,153808.0,35.5
37031,NC,CARTERET,60950.0,324866.56,18.8
37033,NC,CASWELL,84373.0,272234.88,31.0
37035,NC,CATAWBA,61631.0,256879.36000000002,24.0
37037,NC,CHATHAM,114051.0,436274.56,26.1
37039,NC,CHEROKEE,25410.0,291546.24,8.7
37041,NC,CHOWAN,73439.0,110500.48000000001,66.5
37043,NC,CLAY,14515.0,137589.12,10.5
37045,NC,CLEVELAND,104633.0,297119.36,35.2
37047,NC,COLUMBUS,125177.0,600397.44,20.8
37049,NC,CRAVEN,100825.0,452206.72,22.3
37051,NC,CUMBERLAND,65919.0,417635.84,15.8
37053,NC,CURRITUCK,37917.0,167621.76,22.6
37055,NC,DARE,115.0,245266.56,0.0
37057,NC,DAVIDSON,73655.0,354035.19999999995,20.8
37059,NC,DAVIE,74899.0,168767.36000000002,44.4
37061,NC,DUPLIN,254164.0,521420.80000000005,48.7
37063,NC,DURHAM,16166.0,183427.2,8.8
37065,NC,EDGECOMBE,145050.0,323479.04,44.8
37067,NC,FORSYTH,32956.0,261024.64,12.6
37069,NC,FRANKLIN,107923.0,314753.28,34.3
37071,NC,GASTON,36859.0,227680.63999999998,16.2
37073,NC,GATES,71866.0,217991.68000000002,33.0
37075,NC,GRAHAM,2256.0,186858.24,1.2
37077,NC,GRANVILLE,102115.0,340474.24,30.0
37079,NC,GREENE,97668.0,170709.75999999998,57.2
37081,NC,GUILFORD,94798.0,413390.08,22.9
37083,NC,HALIFAX,183565.0,463192.32000000007,39.6
37085,NC,HARNETT,109179.0,380757.12,28.7
37087,NC,HAYWOOD,49288.0,354278.39999999997,13.9
37089,NC,HENDERSON,32743.0,238687.36000000002,13.7
37091,NC,HERTFORD,67209.0,226024.96,29.7
37093,NC,HOKE,36788.0,249697.92,14.7
37095,NC,HYDE,112445.0,391900.80000000005,28.7
37097,NC,IREDELL,119481.0,367625.6,32.5
37099,NC,JACKSON,22208.0,314310.4,7.1
37101,NC,JOHNSTON,174111.0,506890.88,34.3
37103,NC,JONES,66287.0,301675.52,22.0
37105,NC,LEE,31204.0,163239.68,19.1
37107,NC,LENOIR,136277.0,255415.68,53.4
37109,NC,LINCOLN,49038.0,189342.08,25.9
37111,NC,MCDOWELL,17041.0,281570.56,6.1
37113,NC,MACON,21973.0,329970.55999999994,6.7
37115,NC,MADISON,42763.0,287753.6,14.9
37117,NC,MARTIN,143806.0,292103.68,49.2
37119,NC,MECKLENBURG,7704.0,335107.83999999997,2.3
37121,NC,MITCHELL,13860.0,141600.64,9.8
37123,NC,MONTGOMERY,34560.0,314583.68,11.0
37125,NC,MOORE,106258.0,446515.19999999995,23.8
37127,NC,NASH,133252.0,345884.16,38.5
37129,NC,NEW HANOVER,1898.0,123043.2,1.5
37131,NC,NORTHAMPTON,171478.0,343488.64,49.9
37133,NC,ONSLOW,53032.0,487734.4,10.9
37135,NC,ORANGE,53068.0,254432.63999999998,20.9
37137,NC,PAMLICO,54675.0,215369.59999999998,25.4
37139,NC,PASQUOTANK,95870.0,145201.91999999998,66.0
37141,NC,PENDER,78903.0,557629.4400000001,14.1
37143,NC,PERQUIMANS,78264.0,158190.72,49.5
37145,NC,PERSON,88571.0,251097.59999999998,35.3
37147,NC,PITT,151433.0,417514.24,36.3
37149,NC,POLK,24076.0,152119.68,15.8
37151,NC,RANDOLPH,131301.0,500694.4,26.2
37153,NC,RICHMOND,57946.0,303160.96,19.1
37155,NC,ROBESON,263080.0,606268.7999999999,43.4
37157,NC,ROCKINGHAM,109295.0,362010.88,30.2
37159,NC,ROWAN,104888.0,327429.12,32.0
37161,NC,RUTHERFORD,63632.0,361879.68,17.6
37163,NC,SAMPSON,292205.0,605395.2,48.3
37165,NC,SCOTLAND,51025.0,204249.59999999998,25.0
37167,NC,STANLY,109164.0,252850.56,43.2
37169,NC,STOKES,81361.0,287580.80000000005,28.3
37171,NC,SURRY,105791.0,340892.8,31.0
37173,NC,SWAIN,3930.0,337745.92,1.2
37175,NC,TRANSYLVANIA,11537.0,242149.12,4.8
37177,NC,TYRRELL,63761.0,250097.28,25.5
37179,NC,UNION,212066.0,404951.68,52.4
37181,NC,VANCE,38231.0,161533.44,23.7
37183,NC,WAKE,62323.0,534152.96,11.7
37185,NC,WARREN,63669.0,274810.24,23.2
37187,NC,WASHINGTON,76554.0,221766.4,34.5
37189,NC,WATAUGA,29402.0,199961.6,14.7
37191,NC,WAYNE,149752.0,354510.08,42.2
37193,NC,WILKES,114778.0,482354.56,23.8
37195,NC,WILSON,126286.0,235247.36000000002,53.7
37197,NC,YADKIN,98329.0,214362.88,45.9
37199,NC,YANCEY,21341.0,200058.88,10.7
38001,ND,ADAMS,593005.0,632030.0800000001,93.8
38003,ND,BARNES,899654.0,954597.76,94.2
38005,ND,BENSON,640303.0,888675.2000000001,72.1
38007,ND,BILLINGS,730876.0,735032.3200000001,99.4
38009,ND,BOTTINEAU,962403.0,1068069.1199999999,90.1
38011,ND,BOWMAN,740954.0,743557.76,99.6
38013,ND,BURKE,617662.0,706316.1599999999,87.4
38015,ND,BURLEIGH,782183.0,1044924.1599999999,74.9
38017,ND,CASS,941171.0,1129558.4,83.3
38019,ND,CAVALIER,874459.0,953040.0,91.8
38021,ND,DICKEY,610307.0,724155.52,84.3
38023,ND,DIVIDE,613694.0,807123.2000000001,76.0
38025,ND,DUNN,1118382.0,1285434.88,87.0
38027,ND,EDDY,381638.0,403352.96,94.6
38029,ND,EMMONS,961340.0,965376.64,99.6
38031,ND,FOSTER,362426.0,405811.2,89.3
38033,ND,GOLDEN VALLEY,638147.0,640566.4,99.6
38035,ND,GRAND FORKS,761755.0,919184.0,82.9
38037,ND,GRANT,1057984.0,1061909.1199999999,99.6
38039,ND,GRIGGS,386215.0,453558.39999999997,85.2
38041,ND,HETTINGER,651019.0,724632.96,89.8
38043,ND,KIDDER,764998.0,864679.6799999999,88.5
38045,ND,LA MOURE,697530.0,733443.2000000001,95.1
38047,ND,LOGAN,482603.0,635263.36,76.0
38049,ND,MCHENRY,1126626.0,1199322.88,93.9
38051,ND,MCINTOSH,456957.0,623720.32,73.3
38053,ND,MCKENZIE,1359174.0,1766485.76,76.9
38055,ND,MCLEAN,1049482.0,1350565.76,77.7
38057,ND,MERCER,451663.0,667379.84,67.7
38059,ND,MORTON,1228831.0,1232568.3199999998,99.7
38061,ND,MOUNTRAIL,1165469.0,1168104.32,99.8
38063,ND,NELSON,557763.0,628361.6000000001,88.8
38065,ND,OLIVER,419606.0,462338.56,90.8
38067,ND,PEMBINA,616835.0,715862.4,86.2
38069,ND,PIERCE,471211.0,651702.4,72.3
38071,ND,RAMSEY,618109.0,758634.88,81.5
38073,ND,RANSOM,522982.0,551982.08,94.7
38075,ND,RENVILLE,507942.0,561436.16,90.5
38077,ND,RICHLAND,795490.0,918831.36,86.6
38079,ND,ROLETTE,470525.0,577946.88,81.4
38081,ND,SARGENT,469900.0,549429.12,85.5
38083,ND,SHERIDAN,542192.0,622224.64,87.1
38085,ND,SIOUX,697019.0,700193.2799999999,99.5
38087,ND,SLOPE,757635.0,777768.96,97.4
38089,ND,STARK,723041.0,854344.3200000001,84.6
38091,ND,STEELE,384113.0,455771.52,84.3
38093,ND,STUTSMAN,1201132.0,1422018.56,84.5
38095,ND,TOWNER,554730.0,656072.3200000001,84.6
38097,ND,TRAILL,530509.0,551597.44,96.2
38099,ND,WALSH,734006.0,820228.48,89.5
38101,ND,WARD,1014320.0,1288337.92,78.7
38103,ND,WELLS,724757.0,813141.1199999999,89.1
38105,ND,WILLIAMS,1114295.0,1329664.0,83.8
39001,OH,ADAMS,170805.0,373678.07999999996,45.7
39003,OH,ALLEN,178921.0,257628.80000000002,69.4
39005,OH,ASHLAND,148742.0,270711.68,54.9
39007,OH,ASHTABULA,134274.0,449322.88,29.9
39009,OH,ATHENS,106866.0,322332.16000000003,33.2
39011,OH,AUGLAIZE,231815.0,256888.31999999998,90.2
39013,OH,BELMONT,139632.0,340561.27999999997,41.0
39015,OH,BROWN,177509.0,313307.52,56.7
39017,OH,BUTLER,93238.0,298575.36,31.2
39019,OH,CARROLL,111677.0,252551.68000000002,44.2
39021,OH,CHAMPAIGN,217289.0,274552.95999999996,79.1
39023,OH,CLARK,170922.0,254001.28,67.3
39025,OH,CLERMONT,85840.0,289638.4,29.6
39027,OH,CLINTON,241315.0,261587.84,92.3
39029,OH,COLUMBIANA,153993.0,340426.88,45.2
39031,OH,COSHOCTON,178050.0,360952.32000000007,49.3
39033,OH,CRAWFORD,203784.0,257143.04,79.2
39035,OH,CUYAHOGA,1564.0,292615.04000000004,0.5
39037,OH,DARKE,366642.0,382785.27999999997,95.8
39039,OH,DEFIANCE,206426.0,263320.96,78.4
39041,OH,DELAWARE,130937.0,283614.08,46.2
39043,OH,ERIE,77157.0,160824.32,48.0
39045,OH,FAIRFIELD,193611.0,322793.6,60.0
39047,OH,FAYETTE,202425.0,260071.03999999998,77.8
39049,OH,FRANKLIN,48728.0,340747.52,14.3
39051,OH,FULTON,211588.0,259486.08000000002,81.5
39053,OH,GALLIA,101469.0,298579.19999999995,34.0
39055,OH,GEAUGA,66881.0,256192.63999999998,26.1
39057,OH,GREENE,156287.0,264677.76,59.0
39059,OH,GUERNSEY,147625.0,334242.56,44.2
39061,OH,HAMILTON,18884.0,259466.87999999998,7.3
39063,OH,HANCOCK,249468.0,340048.0,73.4
39065,OH,HARDIN,243914.0,300982.4,81.0
39067,OH,HARRISON,103742.0,257491.84000000003,40.3
39069,OH,HENRY,243932.0,266246.4,91.6
39071,OH,HIGHLAND,227859.0,353973.75999999995,64.4
39073,OH,HOCKING,40976.0,269663.36,15.2
39075,OH,HOLMES,184549.0,270471.68,68.2
39077,OH,HURON,224977.0,315035.52,71.4
39079,OH,JACKSON,66565.0,268998.4,24.7
39081,OH,JEFFERSON,72749.0,261199.36000000002,27.9
39083,OH,KNOX,184283.0,336319.36,54.8
39085,OH,LAKE,13886.0,146732.80000000002,9.5
39087,OH,LAWRENCE,51104.0,290171.51999999996,17.6
39089,OH,LICKING,207389.0,436753.28,47.5
39091,OH,LOGAN,204656.0,293443.83999999997,69.7
39093,OH,LORAIN,108838.0,313943.04,34.7
39095,OH,LUCAS,76149.0,217384.32,35.0
39097,OH,MADISON,236886.0,298120.96,79.5
39099,OH,MAHONING,71023.0,263352.32,27.0
39101,OH,MARION,213065.0,258435.84,82.4
39103,OH,MEDINA,100579.0,269733.12,37.3
39105,OH,MEIGS,63118.0,275265.27999999997,22.9
39107,OH,MERCER,270984.0,295966.08,91.6
39109,OH,MIAMI,166746.0,260173.44,64.1
39111,OH,MONROE,99313.0,291662.72000000003,34.1
39113,OH,MONTGOMERY,118582.0,295264.64,40.2
39115,OH,MORGAN,93381.0,266512.64,35.0
39117,OH,MORROW,145232.0,259925.76,55.9
39119,OH,MUSKINGUM,200805.0,425309.44000000006,47.2
39121,OH,NOBLE,98064.0,254727.68,38.5
39123,OH,OTTAWA,119544.0,163010.56,73.3
39125,OH,PAULDING,206880.0,266518.4,77.6
39127,OH,PERRY,76325.0,261077.76,29.2
39129,OH,PICKAWAY,283165.0,320763.52,88.3
39131,OH,PIKE,87549.0,281780.48,31.1
39133,OH,PORTAGE,85762.0,311939.19999999995,27.5
39135,OH,PREBLE,213053.0,271504.64,78.5
39137,OH,PUTNAM,306504.0,308828.16,99.2
39139,OH,RICHLAND,159053.0,316945.27999999997,50.2
39141,OH,ROSS,270703.0,441066.24000000005,61.4
39143,OH,SANDUSKY,156656.0,261277.44,60.0
39145,OH,SCIOTO,81126.0,390492.8,20.8
39147,OH,SENECA,233145.0,352656.63999999996,66.1
39149,OH,SHELBY,210745.0,260924.16,80.8
39151,OH,STARK,125207.0,368169.6,34.0
39153,OH,SUMMIT,15108.0,264187.52,5.7
39155,OH,TRUMBULL,113107.0,395584.64,28.6
39157,OH,TUSCARAWAS,166404.0,363139.83999999997,45.8
39159,OH,UNION,216646.0,276325.76,78.4
39161,OH,VAN WERT,226530.0,261856.0,86.5
39163,OH,VINTON,34112.0,263910.4,12.9
39165,OH,WARREN,101621.0,256913.28000000003,39.6
39167,OH,WASHINGTON,147070.0,404463.36000000004,36.4
39169,OH,WAYNE,259339.0,355064.95999999996,73.0
39171,OH,WILLIAMS,235001.0,269222.4,87.3
39173,OH,WOOD,250260.0,394983.68000000005,63.4
39175,OH,WYANDOT,214021.0,260402.56,82.2
40001,OK,ADAIR,201921.0,367281.92000000004,55.0
40003,OK,ALFALFA,491270.0,554601.6000000001,88.6
40005,OK,ATOKA,465898.0,624285.4400000001,74.6
40007,OK,BEAVER,1153602.0,1161495.68,99.3
40009,OK,BECKHAM,496977.0,577072.0,86.1
40011,OK,BLAINE,558228.0,594232.3200000001,93.9
40013,OK,BRYAN,468567.0,578721.92,81.0
40015,OK,CADDO,660773.0,817762.5599999999,80.8
40017,OK,CANADIAN,415056.0,573806.72,72.3
40019,OK,CARTER,384917.0,526211.2000000001,73.1
40021,OK,CHEROKEE,203119.0,479441.27999999997,42.4
40023,OK,CHOCTAW,280649.0,493041.27999999997,56.9
40025,OK,CIMARRON,1155696.0,1174277.12,98.4
40027,OK,CLEVELAND,108955.0,344886.4,31.6
40029,OK,COAL,283278.0,330733.43999999994,85.7
40031,OK,COMANCHE,417168.0,684366.08,61.0
40033,OK,COTTON,322468.0,404887.67999999993,79.6
40035,OK,CRAIG,472834.0,487203.2,97.1
40037,OK,CREEK,308498.0,607963.52,50.7
40039,OK,CUSTER,630316.0,632818.56,99.6
40041,OK,DELAWARE,287789.0,472190.72,60.9
40043,OK,DEWEY,639201.0,639761.92,99.9
40045,OK,ELLIS,784859.0,788145.28,99.6
40047,OK,GARFIELD,646514.0,677444.48,95.4
40049,OK,GARVIN,428025.0,513370.24,83.4
40051,OK,GRADY,693892.0,704345.6,98.5
40053,OK,GRANT,638123.0,640473.6,99.6
40055,OK,GREER,289158.0,409142.39999999997,70.7
40057,OK,HARMON,301242.0,343845.12,87.6
40059,OK,HARPER,643951.0,664693.76,96.9
40061,OK,HASKELL,238837.0,369104.0,64.7
40063,OK,HUGHES,351521.0,514861.44,68.3
40065,OK,JACKSON,478234.0,513697.92000000004,93.1
40067,OK,JEFFERSON,484918.0,485731.84,99.8
40069,OK,JOHNSTON,243661.0,411551.36,59.2
40071,OK,KAY,520978.0,588542.08,88.5
40073,OK,KINGFISHER,422567.0,574769.9199999999,73.5
40075,OK,KIOWA,558608.0,649649.9199999999,86.0
40077,OK,LATIMER,178901.0,462147.2,38.7
40079,OK,LEFLORE,368815.0,1017223.04,36.3
40081,OK,LINCOLN,403113.0,609518.72,66.1
40083,OK,LOGAN,294887.0,475991.04,62.0
40085,OK,LOVE,172073.0,328904.95999999996,52.3
40087,OK,MCCLAIN,236168.0,365258.88,64.7
40089,OK,MCCURTAIN,331493.0,1184490.8800000001,28.0
40091,OK,MCINTOSH,198440.0,395703.04,50.1
40093,OK,MAJOR,502186.0,611200.0,82.2
40095,OK,MARSHALL,181214.0,237753.6,76.2
40097,OK,MAYES,275145.0,419452.16000000003,65.6
40099,OK,MURRAY,265751.0,266480.0,99.7
40101,OK,MUSKOGEE,344166.0,518799.36,66.3
40103,OK,NOBLE,401473.0,468295.04000000004,85.7
40105,OK,NOWATA,292351.0,362122.88,80.7
40107,OK,OKFUSKEE,232809.0,395813.12,58.8
40109,OK,OKLAHOMA,102861.0,453694.08,22.7
40111,OK,OKMULGEE,325481.0,446363.52,72.9
40113,OK,OSAGE,1318462.0,1437830.4000000001,91.7
40115,OK,OTTAWA,204531.0,301322.88,67.9
40117,OK,PAWNEE,272430.0,363745.92,74.9
40119,OK,PAYNE,256381.0,438336.63999999996,58.5
40121,OK,PITTSBURG,475795.0,835534.08,56.9
40123,OK,PONTOTOC,349662.0,461063.04,75.8
40125,OK,POTTAWATOMIE,292441.0,504187.52,58.0
40127,OK,PUSHMATAHA,238702.0,893144.3200000001,26.7
40129,OK,ROGER MILLS,729732.0,730326.4,99.9
40131,OK,ROGERS,269973.0,432478.07999999996,62.4
40133,OK,SEMINOLE,225432.0,405013.12,55.7
40135,OK,SEQUOYAH,217226.0,431079.68,50.4
40137,OK,STEPHENS,436745.0,556933.76,78.4
40139,OK,TEXAS,1264084.0,1306414.72,96.8
40141,OK,TILLMAN,436848.0,557525.76,78.4
40143,OK,TULSA,96788.0,364939.51999999996,26.5
40145,OK,WAGONER,200025.0,359626.24000000005,55.6
40147,OK,WASHINGTON,188139.0,265935.36,70.7
40149,OK,WASHITA,568980.0,641976.9600000001,88.6
40151,OK,WOODS,820627.0,823348.48,99.7
40153,OK,WOODWARD,794965.0,795383.04,99.9
41001,OR,BAKER,915529.0,1963498.8800000001,46.6
41003,OR,BENTON,97598.0,432133.12,22.6
41005,OR,CLACKAMAS,157937.0,1197235.84,13.2
41007,OR,CLATSOP,18471.0,530003.2,3.5
41009,OR,COLUMBIA,49276.0,421557.76,11.7
41011,OR,COOS,133255.0,1021481.6000000001,13.0
41013,OR,CROOK,832845.0,1906514.56,43.7
41015,OR,CURRY,44734.0,1042164.48,4.3
41017,OR,DESCHUTES,153000.0,1931275.52,7.9
41019,OR,DOUGLAS,329559.0,3222847.36,10.2
41021,OR,GILLIAM,590917.0,771021.44,76.6
41023,OR,GRANT,635381.0,2897786.8800000004,21.9
41025,OR,HARNEY,1479684.0,6486040.32,22.8
41027,OR,HOOD RIVER,26623.0,334135.68,8.0
41029,OR,JACKSON,202864.0,1781281.28,11.4
41031,OR,JEFFERSON,542344.0,1140288.6400000001,47.6
41033,OR,JOSEPHINE,30563.0,1048735.3599999999,2.9
41035,OR,KLAMATH,523480.0,3807986.56,13.7
41037,OR,LAKE,765761.0,5208710.399999999,14.7
41039,OR,LANE,180201.0,2914618.88,6.2
41041,OR,LINCOLN,26946.0,627829.12,4.3
41043,OR,LINN,336063.0,1465137.28,22.9
41045,OR,MALHEUR,1130142.0,6328134.399999999,17.9
41047,OR,MARION,275483.0,755902.08,36.4
41049,OR,MORROW,1052805.0,1299538.56,81.0
41051,OR,MULTNOMAH,27983.0,275920.64,10.1
41053,OR,POLK,154851.0,474191.36,32.7
41055,OR,SHERMAN,402516.0,527112.96,76.4
41057,OR,TILLAMOOK,33348.0,705516.1599999999,4.7
41059,OR,UMATILLA,1491922.0,2057888.0,72.5
41061,OR,UNION,342913.0,1303642.24,26.3
41063,OR,WALLOWA,504713.0,2013374.08,25.1
41065,OR,WASCO,978577.0,1523927.04,64.2
41067,OR,WASHINGTON,126003.0,463534.08,27.2
41069,OR,WHEELER,537145.0,1098253.44,48.9
41071,OR,YAMHILL,164347.0,458202.88,35.9
42001,PA,ADAMS,183184.0,331961.60000000003,55.2
42003,PA,ALLEGHENY,27412.0,467170.55999999994,5.9
42005,PA,ARMSTRONG,131934.0,418125.44,31.6
42007,PA,BEAVER,49276.0,278204.8,17.7
42009,PA,BEDFORD,214933.0,647834.24,33.2
42011,PA,BERKS,208478.0,548097.92,38.0
42013,PA,BLAIR,95605.0,336176.63999999996,28.4
42015,PA,BRADFORD,281106.0,734320.64,38.3
42017,PA,BUCKS,69018.0,386794.88,17.8
42019,PA,BUTLER,132809.0,505271.04,26.3
42021,PA,CAMBRIA,78843.0,440006.4,17.9
42023,PA,CAMERON,5578.0,253589.12,2.2
42025,PA,CARBON,22910.0,244047.36000000002,9.4
42027,PA,CENTRE,122251.0,709573.1200000001,17.2
42029,PA,CHESTER,143442.0,480349.44000000006,29.9
42031,PA,CLARION,104524.0,384534.4,27.2
42033,PA,CLEARFIELD,65581.0,733008.0,8.9
42035,PA,CLINTON,37101.0,568309.76,6.5
42037,PA,COLUMBIA,92500.0,309255.68,29.9
42039,PA,CRAWFORD,204717.0,647907.2,31.6
42041,PA,CUMBERLAND,146389.0,349107.2,41.9
42043,PA,DAUPHIN,87399.0,335916.8,26.0
42045,PA,DELAWARE,858.0,117639.04000000001,0.7
42047,PA,ELK,17693.0,529216.64,3.3
42049,PA,ERIE,136116.0,511304.32,26.6
42051,PA,FAYETTE,108727.0,506085.12,21.5
42053,PA,FOREST,5781.0,273445.76,2.1
42055,PA,FRANKLIN,263611.0,494271.36,53.3
42057,PA,FULTON,93715.0,280032.64,33.5
42059,PA,GREENE,104424.0,368596.48,28.3
42061,PA,HUNTINGDON,128105.0,559777.28,22.9
42063,PA,INDIANA,153032.0,529538.56,28.9
42065,PA,JEFFERSON,78845.0,417558.39999999997,18.9
42067,PA,JUNIATA,85960.0,250490.24000000002,34.3
42069,PA,LACKAWANNA,38564.0,293687.04000000004,13.1
42071,PA,LANCASTER,378574.0,604111.36,62.7
42073,PA,LAWRENCE,96812.0,228713.6,42.3
42075,PA,LEBANON,110248.0,231574.4,47.6
42077,PA,LEHIGH,64550.0,221011.84000000003,29.2
42079,PA,LUZERNE,55162.0,569520.64,9.7
42081,PA,LYCOMING,181550.0,786508.8,23.1
42083,PA,MCKEAN,46832.0,627004.1599999999,7.5
42085,PA,MERCER,146865.0,430412.8,34.1
42087,PA,MIFFLIN,64994.0,263068.8,24.7
42089,PA,MONROE,23193.0,389347.83999999997,6.0
42091,PA,MONTGOMERY,31595.0,309101.44,10.2
42093,PA,MONTOUR,30229.0,83354.24,36.3
42095,PA,NORTHAMPTON,56138.0,236664.32,23.7
42097,PA,NORTHUMBERLAND,122483.0,292904.95999999996,41.8
42099,PA,PERRY,116001.0,352927.36,32.9
42101,PA,PHILADELPHIA,326.0,85987.84,0.4
42103,PA,PIKE,31311.0,348732.8,9.0
42105,PA,POTTER,103315.0,691999.36,14.9
42107,PA,SCHUYLKILL,103511.0,498290.55999999994,20.8
42109,PA,SNYDER,85547.0,210421.76,40.7
42111,PA,SOMERSET,197565.0,688030.0800000001,28.7
42113,PA,SULLIVAN,33180.0,287960.96,11.5
42115,PA,SUSQUEHANNA,157824.0,527037.44,29.9
42117,PA,TIOGA,204782.0,725690.88,28.2
42119,PA,UNION,61919.0,202209.28,30.6
42121,PA,VENANGO,45637.0,431529.6,10.6
42123,PA,WARREN,66377.0,565940.48,11.7
42125,PA,WASHINGTON,182118.0,548486.4,33.2
42127,PA,WAYNE,90504.0,464492.16000000003,19.5
42129,PA,WESTMORELAND,138050.0,657735.6799999999,21.0
42131,PA,WYOMING,66732.0,254240.0,26.2
42133,PA,YORK,243980.0,578794.24,42.2
44001,RI,BRISTOL,1625.0,15444.480000000001,10.5
44003,RI,KENT,8694.0,107883.52,8.1
44005,RI,NEWPORT,8193.0,65555.84,12.5
44007,RI,PROVIDENCE,13068.0,262068.48,5.0
44009,RI,WASHINGTON,27496.0,210738.56,13.0
45001,SC,ABBEVILLE,110940.0,314363.52,35.3
45003,SC,AIKEN,138479.0,685240.3200000001,20.2
45005,SC,ALLENDALE,66335.0,261180.80000000002,25.4
45007,SC,ANDERSON,174494.0,456867.2,38.2
45009,SC,BAMBERG,102313.0,251754.88,40.6
45011,SC,BARNWELL,62381.0,350962.56,17.8
45013,SC,BEAUFORT,36074.0,368668.16,9.8
45015,SC,BERKELEY,78741.0,706316.7999999999,11.1
45017,SC,CALHOUN,108019.0,243937.28,44.3
45019,SC,CHARLESTON,38727.0,587506.56,6.6
45021,SC,CHEROKEE,67564.0,251496.96,26.9
45023,SC,CHESTER,114795.0,371623.04,30.9
45025,SC,CHESTERFIELD,118286.0,511351.04,23.1
45027,SC,CLARENDON,156415.0,388611.84,40.2
45029,SC,COLLETON,167546.0,676162.5599999999,24.8
45031,SC,DARLINGTON,162716.0,358776.31999999995,45.4
45033,SC,DILLON,111091.0,259242.88,42.9
45035,SC,DORCHESTER,79233.0,363900.16000000003,21.8
45037,SC,EDGEFIELD,68671.0,320449.92,21.4
45039,SC,FAIRFIELD,61009.0,439235.19999999995,13.9
45041,SC,FLORENCE,116428.0,512323.2,22.7
45043,SC,GEORGETOWN,63303.0,520719.36,12.2
45045,SC,GREENVILLE,52688.0,502999.04000000004,10.5
45047,SC,GREENWOOD,79037.0,291586.56,27.1
45049,SC,HAMPTON,96359.0,358384.0,26.9
45051,SC,HORRY,151691.0,725319.6799999999,20.9
45053,SC,JASPER,75886.0,419302.39999999997,18.1
45055,SC,KERSHAW,100593.0,465031.68,21.6
45057,SC,LANCASTER,60781.0,351403.52,17.3
45059,SC,LAURENS,121421.0,456236.8,26.6
45061,SC,LEE,134144.0,262517.76,51.1
45063,SC,LEXINGTON,79450.0,447358.72000000003,17.8
45065,SC,MCCORMICK,16789.0,229674.24,7.3
45067,SC,MARION,45976.0,313198.08,14.7
45069,SC,MARLBORO,78300.0,307119.36,25.5
45071,SC,NEWBERRY,110964.0,403387.52,27.5
45073,SC,OCONEE,61599.0,400995.84,15.4
45075,SC,ORANGEBURG,230111.0,708080.0,32.5
45077,SC,PICKENS,41842.0,318040.32,13.2
45079,SC,RICHLAND,76011.0,484658.56,15.7
45081,SC,SALUDA,106716.0,289737.6,36.8
45083,SC,SPARTANBURG,97644.0,517361.27999999997,18.9
45085,SC,SUMTER,163578.0,425649.92,38.4
45087,SC,UNION,55044.0,328694.4,16.7
45089,SC,WILLIAMSBURG,208646.0,597866.24,34.9
45091,SC,YORK,105092.0,435862.39999999997,24.1
46003,SD,AURORA,356901.0,453414.4,78.7
46005,SD,BEADLE,669521.0,805566.7200000001,83.1
46007,SD,BENNETT,648492.0,758170.88,85.5
46009,SD,BON HOMME,269582.0,360671.36,74.7
46011,SD,BROOKINGS,374488.0,507018.88,73.9
46013,SD,BROWN,1023480.0,1096339.2,93.4
46015,SD,BRULE,474226.0,523022.07999999996,90.7
46017,SD,BUFFALO,300533.0,301699.19999999995,99.6
46019,SD,BUTTE,1348702.0,1440006.4000000001,93.7
46021,SD,CAMPBELL,448929.0,469553.28,95.6
46023,SD,CHARLES MIX,654941.0,702392.3200000001,93.2
46025,SD,CLARK,473992.0,612807.6799999999,77.3
46027,SD,CLAY,191404.0,263699.84,72.6
46029,SD,CODINGTON,282976.0,440054.4,64.3
46031,SD,CORSON,1368478.0,1580604.16,86.6
46033,SD,CUSTER,651850.0,996443.52,65.4
46035,SD,DAVISON,223994.0,278805.12,80.3
46037,SD,DAY,477100.0,658232.96,72.5
46039,SD,DEUEL,253106.0,398552.96,63.5
46041,SD,DEWEY,1202557.0,1473520.6400000001,81.6
46043,SD,DOUGLAS,194267.0,276352.64,70.3
46045,SD,EDMUNDS,718058.0,720627.2,99.6
46047,SD,FALL RIVER,1034789.0,1113528.96,92.9
46049,SD,FAULK,626281.0,628296.32,99.7
46051,SD,GRANT,387088.0,436125.44,88.8
46053,SD,GREGORY,593576.0,649568.0,91.4
46055,SD,HAAKON,1151771.0,1158746.24,99.4
46057,SD,HAMLIN,231481.0,324492.16000000003,71.3
46059,SD,HAND,913410.0,919445.12,99.3
46061,SD,HANSON,230060.0,278132.48,82.7
46063,SD,HARDING,1671254.0,1709804.8,97.7
46065,SD,HUGHES,446067.0,474577.28,94.0
46067,SD,HUTCHINSON,494622.0,520328.32,95.1
46069,SD,HYDE,485521.0,550802.56,88.1
46071,SD,JACKSON,1180521.0,1192885.12,99.0
46073,SD,JERAULD,312961.0,336725.12,92.9
46075,SD,JONES,615446.0,620590.0800000001,99.2
46077,SD,KINGSBURY,419877.0,532631.6799999999,78.8
46079,SD,LAKE,213574.0,360250.24,59.3
46081,SD,LAWRENCE,167325.0,512033.92,32.7
46083,SD,LINCOLN,246755.0,369467.52,66.8
46085,SD,LYMAN,1043956.0,1051062.4000000001,99.3
46087,SD,MCCOOK,298924.0,367491.2,81.3
46089,SD,MCPHERSON,652253.0,727467.5199999999,89.7
46091,SD,MARSHALL,534275.0,536371.84,99.6
46093,SD,MEADE,2217742.0,2221397.7600000002,99.8
46095,SD,MELLETTE,809354.0,836688.0,96.7
46097,SD,MINER,317295.0,364908.8,87.0
46099,SD,MINNEHAHA,325498.0,516376.31999999995,63.0
46101,SD,MOODY,216019.0,332402.56,65.0
46102,SD,OGLALA LAKOTA,1070988.0,1339904.6400000001,79.9
46103,SD,PENNINGTON,1166970.0,1777129.5999999999,65.7
46105,SD,PERKINS,1831580.0,1837094.4,99.7
46107,SD,POTTER,549060.0,551128.3200000001,99.6
46109,SD,ROBERTS,551709.0,704675.2000000001,78.3
46111,SD,SANBORN,293602.0,364314.88,80.6
46115,SD,SPINK,882273.0,962239.36,91.7
46117,SD,STANLEY,807225.0,924436.48,87.3
46119,SD,SULLY,578110.0,644305.28,89.7
46121,SD,TODD,872654.0,888701.44,98.2
46123,SD,TRIPP,943080.0,1031973.1200000001,91.4
46125,SD,TURNER,394807.0,394920.95999999996,100.0
46127,SD,UNION,197254.0,294884.48,66.9
46129,SD,WALWORTH,444144.0,452771.2,98.1
46135,SD,YANKTON,252180.0,333560.95999999996,75.6
46137,SD,ZIEBACH,1023693.0,1255198.72,81.6
47001,TN,ANDERSON,35952.0,215809.91999999998,16.7
47003,TN,BEDFORD,236001.0,303128.96,77.9
47005,TN,BENTON,70176.0,252355.84,27.8
47007,TN,BLEDSOE,86860.0,260195.2,33.4
47009,TN,BLOUNT,93875.0,357644.80000000005,26.2
47011,TN,BRADLEY,79716.0,210407.68,37.9
47013,TN,CAMPBELL,30815.0,307321.6,10.0
47015,TN,CANNON,90171.0,170006.4,53.0
47017,TN,CARROLL,179424.0,382501.12,46.9
47019,TN,CARTER,28788.0,218405.12,13.2
47021,TN,CHEATHAM,45289.0,193601.91999999998,23.4
47023,TN,CHESTER,77906.0,182871.03999999998,42.6
47025,TN,CLAIBORNE,106999.0,278146.56,38.5
47027,TN,CLAY,61730.0,151383.68,40.8
47029,TN,COCKE,56129.0,279126.4,20.1
47031,TN,COFFEE,143516.0,274536.96,52.3
47033,TN,CROCKETT,149840.0,169937.92,88.2
47035,TN,CUMBERLAND,130350.0,436035.84,29.9
47037,TN,DAVIDSON,31523.0,322364.8,9.8
47039,TN,DECATUR,85476.0,213682.56,40.0
47041,TN,DE KALB,89080.0,194825.6,45.7
47043,TN,DICKSON,124779.0,313534.72000000003,39.8
47045,TN,DYER,249678.0,327904.64,76.1
47047,TN,FAYETTE,224887.0,451056.0,49.9
47049,TN,FENTRESS,109309.0,319108.48000000004,34.3
47051,TN,FRANKLIN,115142.0,354878.07999999996,32.4
47053,TN,GIBSON,287725.0,385756.8,74.6
47055,TN,GILES,241228.0,390995.84,61.7
47057,TN,GRAINGER,83178.0,179575.68,46.3
47059,TN,GREENE,209228.0,398188.16,52.5
47061,TN,GRUNDY,29669.0,230684.16,12.9
47063,TN,HAMBLEN,50177.0,103160.31999999999,48.6
47065,TN,HAMILTON,53018.0,346984.95999999996,15.3
47067,TN,HANCOCK,55692.0,142287.36000000002,39.1
47069,TN,HARDEMAN,159283.0,427371.52,37.3
47071,TN,HARDIN,121675.0,369589.76,32.9
47073,TN,HAWKINS,119016.0,311715.83999999997,38.2
47075,TN,HAYWOOD,240650.0,341188.48,70.5
47077,TN,HENDERSON,126971.0,332805.76,38.2
47079,TN,HENRY,219320.0,359617.28,61.0
47081,TN,HICKMAN,140776.0,391989.12,35.9
47083,TN,HOUSTON,49243.0,128188.16,38.4
47085,TN,HUMPHREYS,197896.0,339688.32,58.3
47087,TN,JACKSON,77471.0,197638.4,39.2
47089,TN,JEFFERSON,82883.0,176047.36000000002,47.1
47091,TN,JOHNSON,32922.0,191001.6,17.2
47093,TN,KNOX,53515.0,325332.48,16.4
47095,TN,LAKE,61488.0,106102.4,58.0
47097,TN,LAUDERDALE,212357.0,302012.8,70.3
47099,TN,LAWRENCE,238241.0,394963.2,60.3
47101,TN,LEWIS,43444.0,180538.88,24.1
47103,TN,LINCOLN,270934.0,365018.88,74.2
47105,TN,LOUDON,55880.0,146734.08,38.1
47107,TN,MCMINN,128548.0,275274.88,46.7
47109,TN,MCNAIRY,115586.0,360218.88,32.1
47111,TN,MACON,116893.0,196572.16,59.5
47113,TN,MADISON,166694.0,356591.36,46.7
47115,TN,MARION,62071.0,318882.56,19.5
47117,TN,MARSHALL,144148.0,240295.68,60.0
47119,TN,MAURY,209805.0,392408.96,53.5
47121,TN,MEIGS,50781.0,124886.4,40.7
47123,TN,MONROE,97164.0,406895.36,23.9
47125,TN,MONTGOMERY,169300.0,345068.16,49.1
47127,TN,MOORE,63825.0,82702.72,77.2
47129,TN,MORGAN,60675.0,334195.19999999995,18.2
47131,TN,OBION,245012.0,348702.72,70.3
47133,TN,OVERTON,155629.0,277430.4,56.1
47135,TN,PERRY,52642.0,265449.6,19.8
47137,TN,PICKETT,34644.0,104306.56000000001,33.2
47139,TN,POLK,36004.0,278147.2,12.9
47141,TN,PUTNAM,93450.0,256707.84,36.4
47143,TN,RHEA,63329.0,201902.72,31.4
47145,TN,ROANE,49741.0,230891.52,21.5
47147,TN,ROBERTSON,200408.0,304855.04000000004,65.7
47149,TN,RUTHERFORD,136070.0,396330.88,34.3
47151,TN,SCOTT,31350.0,340672.64,9.2
47153,TN,SEQUATCHIE,27745.0,170144.64,16.3
47155,TN,SEVIER,42774.0,379192.96,11.3
47157,TN,SHELBY,90742.0,486754.56,18.6
47159,TN,SMITH,126226.0,201148.80000000002,62.8
47161,TN,STEWART,57371.0,294256.64,19.5
47163,TN,SULLIVAN,79194.0,264627.2,29.9
47165,TN,SUMNER,140142.0,338853.75999999995,41.4
47167,TN,TIPTON,191704.0,291591.04,65.7
47169,TN,TROUSDALE,39419.0,73178.88,53.9
47171,TN,UNICOI,3748.0,119080.95999999999,3.1
47173,TN,UNION,72210.0,143093.12,50.5
47175,TN,VAN BUREN,35288.0,174985.6,20.2
47177,TN,WARREN,147088.0,276910.72,53.1
47179,TN,WASHINGTON,97476.0,208990.72,46.6
47181,TN,WAYNE,136826.0,469829.76,29.1
47183,TN,WEAKLEY,291965.0,371425.92,78.6
47185,TN,WHITE,107015.0,241073.91999999998,44.4
47187,TN,WILLIAMSON,134957.0,373032.32000000007,36.2
47189,TN,WILSON,180001.0,365357.44,49.3
48001,TX,ANDERSON,361026.0,680074.88,53.1
48003,TX,ANDREWS,879802.0,960461.44,91.6
48005,TX,ANGELINA,77346.0,510633.6,15.1
48007,TX,ARANSAS,42886.0,161324.16,26.6
48009,TX,ARCHER,577879.0,578104.96,100.0
48011,TX,ARMSTRONG,461617.0,581838.72,79.3
48013,TX,ATASCOSA,688382.0,780506.24,88.2
48015,TX,AUSTIN,258883.0,413757.44,62.6
48017,TX,BAILEY,529253.0,529262.08,100.0
48019,TX,BANDERA,191495.0,506236.16000000003,37.8
48021,TX,BASTROP,263123.0,568465.9199999999,46.3
48023,TX,BAYLOR,555156.0,555187.84,100.0
48025,TX,BEE,437238.0,563352.96,77.6
48027,TX,BELL,496484.0,674451.84,73.6
48029,TX,BEXAR,248545.0,793808.0,31.3
48031,TX,BLANCO,361697.0,453921.27999999997,79.7
48033,TX,BORDEN,572829.0,574363.52,99.7
48035,TX,BOSQUE,586420.0,629107.84,93.2
48037,TX,BOWIE,256027.0,566360.96,45.2
48039,TX,BRAZORIA,419260.0,872528.64,48.1
48041,TX,BRAZOS,277682.0,375128.32,74.0
48043,TX,BREWSTER,2259266.0,3957608.32,57.1
48045,TX,BRISCOE,585760.0,576000.64,101.7
48047,TX,BROOKS,372375.0,603747.2,61.7
48049,TX,BROWN,475421.0,604449.28,78.7
48051,TX,BURLESON,300620.0,421812.48,71.3
48053,TX,BURNET,425682.0,636673.28,66.9
48055,TX,CALDWELL,244313.0,348506.24000000005,70.1
48057,TX,CALHOUN,129971.0,324439.68,40.1
48059,TX,CALLAHAN,468449.0,575598.08,81.4
48061,TX,CAMERON,208701.0,570697.6,36.6
48063,TX,CAMP,53316.0,125342.08,42.5
48065,TX,CARSON,582593.0,588950.4,98.9
48067,TX,CASS,139124.0,599646.72,23.2
48069,TX,CASTRO,570818.0,572444.1599999999,99.7
48071,TX,CHAMBERS,199088.0,382141.44,52.1
48073,TX,CHEROKEE,325551.0,673891.2,48.3
48075,TX,CHILDRESS,444942.0,445767.04,99.8
48077,TX,CLAY,680467.0,696805.76,97.7
48079,TX,COCHRAN,434001.0,496052.48,87.5
48081,TX,COKE,478560.0,583453.44,82.0
48083,TX,COLEMAN,758719.0,808264.96,93.9
48085,TX,COLLIN,197374.0,538404.48,36.7
48087,TX,COLLINGSWORTH,537442.0,587802.24,91.4
48089,TX,COLORADO,452829.0,614586.24,73.7
48091,TX,COMAL,107388.0,358097.92000000004,30.0
48093,TX,COMANCHE,596256.0,600161.92,99.3
48095,TX,CONCHO,629378.0,629603.2,100.0
48097,TX,COOKE,513278.0,559888.64,91.7
48099,TX,CORYELL,511451.0,673438.72,75.9
48101,TX,COTTLE,569008.0,576360.96,98.7
48103,TX,CRANE,291025.0,502444.16,57.9
48105,TX,CROCKETT,1768834.0,1796687.36,98.4
48107,TX,CROSBY,576011.0,576127.36,100.0
48109,TX,CULBERSON,1932918.0,2439779.84,79.2
48111,TX,DALLAM,961047.0,962004.48,99.9
48113,TX,DALLAS,67030.0,558755.2,12.0
48115,TX,DAWSON,574896.0,576195.8400000001,99.8
48117,TX,DEAF SMITH,957798.0,957966.08,100.0
48119,TX,DELTA,108877.0,164372.47999999998,66.2
48121,TX,DENTON,272184.0,562318.08,48.4
48123,TX,DE WITT,411339.0,581744.64,70.7
48125,TX,DICKENS,575827.0,577103.36,99.8
48127,TX,DIMMIT,344379.0,850486.4,40.5
48129,TX,DONLEY,585161.0,593303.0399999999,98.6
48131,TX,DUVAL,1115787.0,1147825.28,97.2
48133,TX,EASTLAND,519189.0,592965.12,87.6
48135,TX,ECTOR,417245.0,574629.12,72.6
48137,TX,EDWARDS,1011179.0,1355438.0799999998,74.6
48139,TX,ELLIS,377200.0,598878.72,63.0
48141,TX,EL PASO,269479.0,648469.76,41.6
48143,TX,ERATH,675439.0,693234.56,97.4
48145,TX,FALLS,488283.0,489916.8,99.7
48147,TX,FANNIN,417464.0,570134.4,73.2
48149,TX,FAYETTE,470955.0,607957.76,77.5
48151,TX,FISHER,387119.0,575328.64,67.3
48153,TX,FLOYD,634965.0,634971.52,100.0
48155,TX,FOARD,441647.0,450814.08,98.0
48157,TX,FORT BEND,320377.0,551520.64,58.1
48159,TX,FRANKLIN,110438.0,182010.24000000002,60.7
48161,TX,FREESTONE,372086.0,561747.84,66.2
48163,TX,FRIO,566717.0,725440.64,78.1
48165,TX,GAINES,810019.0,961512.3200000001,84.2
48167,TX,GALVESTON,34117.0,242743.04,14.1
48169,TX,GARZA,407281.0,571786.24,71.2
48171,TX,GILLESPIE,548817.0,677249.28,81.0
48173,TX,GLASSCOCK,517077.0,576139.52,89.7
48175,TX,GOLIAD,416291.0,545287.04,76.3
48177,TX,GONZALES,630773.0,682679.0399999999,92.4
48179,TX,GRAY,541538.0,592623.36,91.4
48181,TX,GRAYSON,394985.0,597010.5599999999,66.2
48183,TX,GREGG,26043.0,174963.2,14.9
48185,TX,GRIMES,502510.0,503978.24,99.7
48187,TX,GUADALUPE,291287.0,455201.92000000004,64.0
48189,TX,HALE,575527.0,642995.2,89.5
48191,TX,HALL,359028.0,565434.88,63.5
48193,TX,HAMILTON,515913.0,534985.6,96.4
48195,TX,HANSFORD,645303.0,588678.3999999999,109.6
48197,TX,HARDEMAN,420820.0,444872.96,94.6
48199,TX,HARDIN,36858.0,569976.32,6.5
48201,TX,HARRIS,193556.0,1092469.76,17.7
48203,TX,HARRISON,121801.0,576037.76,21.1
48205,TX,HARTLEY,935417.0,935648.64,100.0
48207,TX,HASKELL,542383.0,578005.12,93.8
48209,TX,HAYS,142428.0,433184.0,32.9
48211,TX,HEMPHILL,579694.0,580023.0399999999,99.9
48213,TX,HENDERSON,263600.0,559219.84,47.1
48215,TX,HIDALGO,535588.0,1005412.4800000001,53.3
48217,TX,HILL,566852.0,613667.2,92.4
48219,TX,HOCKLEY,546993.0,581370.88,94.1
48221,TX,HOOD,124769.0,269241.6,46.3
48223,TX,HOPKINS,317431.0,491155.84,64.6
48225,TX,HOUSTON,483598.0,787840.64,61.4
48227,TX,HOWARD,575487.0,576506.24,99.8
48229,TX,HUDSPETH,2642028.0,2925136.0,90.3
48231,TX,HUNT,355339.0,537866.24,66.1
48233,TX,HUTCHINSON,560153.0,567948.7999999999,98.6
48235,TX,IRION,672190.0,672988.16,99.9
48237,TX,JACK,573752.0,583022.08,98.4
48239,TX,JACKSON,353038.0,530843.52,66.5
48241,TX,JASPER,63695.0,600739.2,10.6
48243,TX,JEFF DAVIS,1420886.0,1449315.84,98.0
48245,TX,JEFFERSON,347504.0,561127.6799999999,61.9
48247,TX,JIM HOGG,587474.0,727150.72,80.8
48249,TX,JIM WELLS,398796.0,553712.64,72.0
48251,TX,JOHNSON,287921.0,463864.95999999996,62.1
48253,TX,JONES,564608.0,594307.2,95.0
48255,TX,KARNES,389854.0,478561.27999999997,81.5
48257,TX,KAUFMAN,280030.0,499702.39999999997,56.0
48259,TX,KENDALL,269055.0,423970.55999999994,63.5
48261,TX,KENEDY,1000174.0,933479.6799999999,107.1
48263,TX,KENT,589592.0,577604.48,102.1
48265,TX,KERR,390194.0,706132.4800000001,55.3
48267,TX,KIMBLE,421491.0,800627.2,52.6
48269,TX,KING,562164.0,582958.72,96.4
48271,TX,KINNEY,615924.0,870741.1199999999,70.7
48273,TX,KLEBERG,470997.0,564035.8400000001,83.5
48275,TX,KNOX,544231.0,544397.44,100.0
48277,TX,LAMAR,513465.0,580691.84,88.4
48279,TX,LAMB,511619.0,650355.8400000001,78.7
48281,TX,LAMPASAS,448284.0,456017.92000000004,98.3
48283,TX,LA SALLE,552478.0,951490.5599999999,58.1
48285,TX,LAVACA,540742.0,620613.76,87.1
48287,TX,LEE,341764.0,402585.6,84.9
48289,TX,LEON,423117.0,686819.84,61.6
48291,TX,LIBERTY,234400.0,741345.92,31.6
48293,TX,LIMESTONE,458104.0,579475.2,79.1
48295,TX,LIPSCOMB,554835.0,596616.9600000001,93.0
48297,TX,LIVE OAK,414029.0,665404.7999999999,62.2
48299,TX,LLANO,521757.0,597800.96,87.3
48301,TX,LOVING,424193.0,428043.52,99.1
48303,TX,LUBBOCK,465867.0,573185.28,81.3
48305,TX,LYNN,566683.0,570794.88,99.3
48307,TX,MCCULLOCH,547959.0,681984.6400000001,80.3
48309,TX,MCLENNAN,552280.0,663459.2,83.2
48311,TX,MCMULLEN,580772.0,729471.36,79.6
48313,TX,MADISON,214931.0,298281.6,72.1
48315,TX,MARION,56568.0,243777.28,23.2
48317,TX,MARTIN,576851.0,585571.84,98.5
48319,TX,MASON,591985.0,594455.04,99.6
48321,TX,MATAGORDA,545730.0,699467.5199999999,78.0
48323,TX,MAVERICK,329643.0,818862.72,40.3
48325,TX,MEDINA,634224.0,848231.04,74.8
48327,TX,MENARD,574274.0,577297.28,99.5
48329,TX,MIDLAND,560075.0,576229.12,97.2
48331,TX,MILAM,492739.0,650467.84,75.8
48333,TX,MILLS,378004.0,478864.0,78.9
48335,TX,MITCHELL,582475.0,583097.6,99.9
48337,TX,MONTAGUE,465118.0,595779.84,78.1
48339,TX,MONTGOMERY,100081.0,666995.8400000001,15.0
48341,TX,MOORE,511477.0,575806.72,88.8
48343,TX,MORRIS,45116.0,161272.96,28.0
48345,TX,MOTLEY,407404.0,633322.24,64.3
48347,TX,NACOGDOCHES,209452.0,605647.36,34.6
48349,TX,NAVARRO,468616.0,646209.28,72.5
48351,TX,NEWTON,25609.0,597553.28,4.3
48353,TX,NOLAN,403121.0,583678.08,69.1
48355,TX,NUECES,530663.0,537001.6000000001,98.8
48357,TX,OCHILTREE,435702.0,587318.3999999999,74.2
48359,TX,OLDHAM,896031.0,960334.72,93.3
48361,TX,ORANGE,49401.0,213623.04,23.1
48363,TX,PALO PINTO,608448.0,609631.36,99.8
48365,TX,PANOLA,142072.0,519267.2,27.4
48367,TX,PARKER,341108.0,578380.8,59.0
48369,TX,PARMER,563707.0,563724.8,100.0
48371,TX,PECOS,3013934.0,3048854.4,98.9
48373,TX,POLK,82869.0,676508.8,12.2
48375,TX,POTTER,581288.0,581369.6,100.0
48377,TX,PRESIDIO,2363110.0,2467361.28,95.8
48379,TX,RAINS,72477.0,146849.92,49.4
48381,TX,RANDALL,583884.0,584135.04,100.0
48383,TX,REAGAN,744621.0,752200.9600000001,99.0
48385,TX,REAL,291417.0,447461.76,65.1
48387,TX,RED RIVER,482116.0,668093.44,72.2
48389,TX,REEVES,830657.0,1686626.5599999998,49.2
48391,TX,REFUGIO,369313.0,493109.76,74.9
48393,TX,ROBERTS,590457.0,591397.12,99.8
48395,TX,ROBERTSON,459840.0,547299.2,84.0
48397,TX,ROCKWALL,23466.0,81412.48,28.8
48399,TX,RUNNELS,672612.0,672684.7999999999,100.0
48401,TX,RUSK,214040.0,591487.36,36.2
48403,TX,SABINE,25916.0,314694.39999999997,8.2
48405,TX,SAN AUGUSTINE,37406.0,339621.76,11.0
48407,TX,SAN JACINTO,66844.0,364315.52,18.3
48409,TX,SAN PATRICIO,336068.0,443799.04000000004,75.7
48411,TX,SAN SABA,722887.0,726600.3200000001,99.5
48413,TX,SCHLEICHER,836691.0,838810.88,99.7
48415,TX,SCURRY,569946.0,579484.8,98.4
48417,TX,SHACKELFORD,497940.0,585143.0399999999,85.1
48419,TX,SHELBY,252770.0,509176.96,49.6
48421,TX,SHERMAN,590226.0,590630.4,99.9
48423,TX,SMITH,251235.0,589742.72,42.6
48425,TX,SOMERVELL,99570.0,119281.28,83.5
48427,TX,STARR,468257.0,782834.56,59.8
48429,TX,STEPHENS,387474.0,573901.44,67.5
48431,TX,STERLING,650960.0,591007.36,110.1
48433,TX,STONEWALL,476804.0,586440.32,81.3
48435,TX,SUTTON,909743.0,930518.3999999999,97.8
48437,TX,SWISHER,542277.0,569702.4,95.2
48439,TX,TARRANT,199120.0,553782.4,36.0
48441,TX,TAYLOR,365679.0,585943.0399999999,62.4
48443,TX,TERRELL,801358.0,1509093.12,53.1
48445,TX,TERRY,568831.0,568864.64,100.0
48447,TX,THROCKMORTON,583977.0,584033.28,100.0
48449,TX,TITUS,139188.0,259880.96000000002,53.6
48451,TX,TOM GREEN,937713.0,974080.64,96.3
48453,TX,TRAVIS,198239.0,636204.1599999999,31.2
48455,TX,TRINITY,67100.0,444028.8,15.1
48457,TX,TYLER,63492.0,591609.6,10.7
48459,TX,UPSHUR,150383.0,373107.2,40.3
48461,TX,UPTON,518980.0,794446.7200000001,65.3
48463,TX,UVALDE,993079.0,993230.0800000001,100.0
48465,TX,VAL VERDE,1417386.0,2012640.0,70.4
48467,TX,VAN ZANDT,416603.0,539246.08,77.3
48469,TX,VICTORIA,526006.0,564547.84,93.2
48471,TX,WALKER,194887.0,501902.07999999996,38.8
48473,TX,WALLER,211993.0,328509.44000000006,64.5
48475,TX,WARD,441773.0,534785.9199999999,82.6
48477,TX,WASHINGTON,374608.0,386684.16,96.9
48479,TX,WEBB,2128507.0,2151345.92,98.9
48481,TX,WHARTON,553800.0,695130.88,79.7
48483,TX,WHEELER,584576.0,585301.12,99.9
48485,TX,WICHITA,298639.0,401660.16000000003,74.4
48487,TX,WILBARGER,536318.0,621405.4400000001,86.3
48489,TX,WILLACY,293861.0,377985.27999999997,77.7
48491,TX,WILLIAMSON,380184.0,714135.04,53.2
48493,TX,WILSON,393148.0,514389.76,76.4
48495,TX,WINKLER,365973.0,538412.16,68.0
48497,TX,WISE,345021.0,578812.8,59.6
48499,TX,WOOD,193055.0,412955.52,46.7
48501,TX,YOAKUM,441578.0,511817.60000000003,86.3
48503,TX,YOUNG,483160.0,585278.72,82.6
48505,TX,ZAPATA,287324.0,638983.68,45.0
48507,TX,ZAVALA,740758.0,830340.48,89.2
49001,UT,BEAVER,119496.0,1653056.64,7.2
49003,UT,BOX ELDER,1176650.0,3677182.08,32.0
49005,UT,CACHE,269909.0,745424.6400000001,36.2
49007,UT,CARBON,204872.0,946677.76,21.6
49009,UT,DAGGETT,15397.0,446071.04,3.5
49011,UT,DAVIS,48690.0,191402.88,25.4
49013,UT,DUCHESNE,1055301.0,2070620.1600000001,51.0
49015,UT,EMERY,118424.0,2855857.2800000003,4.1
49017,UT,GARFIELD,85397.0,3312095.3600000003,2.6
49019,UT,GRAND,230381.0,2350556.16,9.8
49021,UT,IRON,475348.0,2109655.68,22.5
49023,UT,JUAB,246735.0,2170674.56,11.4
49025,UT,KANE,125662.0,2553568.0,4.9
49027,UT,MILLARD,384052.0,4342720.0,8.8
49029,UT,MORGAN,225858.0,389868.16,57.9
49031,UT,PIUTE,46033.0,485400.32,9.5
49033,UT,RICH,362184.0,658462.08,55.0
49035,UT,SALT LAKE,49566.0,474924.80000000005,10.4
49037,UT,SAN JUAN,1667744.0,5004668.8,33.3
49039,UT,SANPETE,277113.0,1017555.8400000001,27.2
49041,UT,SEVIER,115336.0,1222677.76,9.4
49043,UT,SUMMIT,398230.0,1197170.56,33.3
49045,UT,TOOELE,311828.0,4442845.4399999995,7.0
49047,UT,UINTAH,1866195.0,2868725.12,65.1
49049,UT,UTAH,296042.0,1282611.2,23.1
49051,UT,WASATCH,103438.0,753288.96,13.7
49053,UT,WASHINGTON,105541.0,1553560.96,6.8
49055,UT,WAYNE,34813.0,1575052.8,2.2
49057,UT,WEBER,78688.0,368815.36,21.3
50001,VT,ADDISON,177719.0,490451.84,36.2
50003,VT,BENNINGTON,37248.0,431511.04,8.6
50005,VT,CALEDONIA,85015.0,415496.31999999995,20.5
50007,VT,CHITTENDEN,74472.0,343583.36000000004,21.7
50009,VT,ESSEX,37842.0,423916.8,8.9
50011,VT,FRANKLIN,182060.0,403814.4,45.1
50013,VT,GRAND ISLE,14272.0,52330.240000000005,27.3
50015,VT,LAMOILLE,56504.0,295203.2,19.1
50017,VT,ORANGE,87430.0,439685.12,19.9
50019,VT,ORLEANS,121559.0,444511.36,27.3
50021,VT,RUTLAND,116540.0,595552.0,19.6
50023,VT,WASHINGTON,56396.0,439718.39999999997,12.8
50025,VT,WINDHAM,42675.0,503013.75999999995,8.5
50027,VT,WINDSOR,84158.0,620252.16,13.6
51001,VA,ACCOMACK,81233.0,287562.88,28.2
51003,VA,ALBEMARLE,167583.0,461102.07999999996,36.3
51005,VA,ALLEGHANY,31836.0,285806.08,11.1
51007,VA,AMELIA,62309.0,227430.40000000002,27.4
51009,VA,AMHERST,74554.0,303335.68,24.6
51011,VA,APPOMATTOX,74535.0,213903.36,34.8
51013,VA,ARLINGTON,3.0,16638.08,0.0
51015,VA,AUGUSTA,243974.0,618927.36,39.4
51017,VA,BATH,34634.0,338689.28,10.2
51019,VA,BEDFORD,183200.0,486466.56000000006,37.7
51021,VA,BLAND,79310.0,228896.64,34.6
51023,VA,BOTETOURT,89509.0,346416.63999999996,25.8
51025,VA,BRUNSWICK,64864.0,362389.76,17.9
51027,VA,BUCHANAN,8501.0,321826.56,2.6
51029,VA,BUCKINGHAM,80900.0,370958.72000000003,21.8
51031,VA,CAMPBELL,117078.0,322052.48,36.4
51033,VA,CAROLINE,60121.0,337512.32000000007,17.8
51035,VA,CARROLL,111941.0,303836.16000000003,36.8
51036,VA,CHARLES CITY,33617.0,117056.64000000001,28.7
51037,VA,CHARLOTTE,116680.0,304189.44,38.4
51041,VA,CHESTERFIELD,19686.0,271043.83999999997,7.3
51043,VA,CLARKE,50182.0,112613.12,44.6
51045,VA,CRAIG,45890.0,209982.72,21.9
51047,VA,CULPEPER,115816.0,242679.68,47.7
51049,VA,CUMBERLAND,48885.0,190383.36,25.7
51051,VA,DICKENSON,10617.0,211488.64,5.0
51053,VA,DINWIDDIE,101333.0,322487.04000000004,31.4
51057,VA,ESSEX,59380.0,164694.4,36.1
51059,VA,FAIRFAX,3616.0,250253.44,1.4
51061,VA,FAUQUIER,188562.0,414716.16000000003,45.5
51063,VA,FLOYD,100913.0,243790.72,41.4
51065,VA,FLUVANNA,49499.0,183754.88,26.9
51067,VA,FRANKLIN,143127.0,441990.4,32.4
51069,VA,FREDERICK,94314.0,264406.4,35.7
51071,VA,GILES,70873.0,228623.36,31.0
51073,VA,GLOUCESTER,24983.0,139398.4,17.9
51075,VA,GOOCHLAND,40711.0,180498.56,22.6
51077,VA,GRAYSON,124095.0,282742.4,43.9
51079,VA,GREENE,30811.0,99806.08,30.9
51081,VA,GREENSVILLE,38694.0,188945.27999999997,20.5
51083,VA,HALIFAX,159004.0,523347.83999999997,30.4
51085,VA,HANOVER,91864.0,299267.2,30.7
51087,VA,HENRICO,7927.0,149567.36000000002,5.3
51089,VA,HENRY,44869.0,244704.64,18.3
51091,VA,HIGHLAND,96013.0,265704.32,36.1
51093,VA,ISLE OF WIGHT,80316.0,202038.4,39.8
51095,VA,JAMES CITY,6216.0,91070.72,6.8
51097,VA,KING AND QUEEN,50027.0,201695.36,24.8
51099,VA,KING GEORGE,34854.0,114961.91999999998,30.3
51101,VA,KING WILLIAM,57926.0,175302.40000000002,33.0
51103,VA,LANCASTER,9987.0,85315.84000000001,11.7
51105,VA,LEE,89186.0,278641.92,32.0
51107,VA,LOUDOUN,110133.0,330072.32000000007,33.4
51109,VA,LOUISA,86660.0,316830.08,27.4
51111,VA,LUNENBURG,69485.0,276288.0,25.1
51113,VA,MADISON,99536.0,205208.31999999998,48.5
51115,VA,MATHEWS,4567.0,54983.04,8.3
51117,VA,MECKLENBURG,123797.0,400198.39999999997,30.9
51119,VA,MIDDLESEX,19164.0,83411.20000000001,23.0
51121,VA,MONTGOMERY,85117.0,247582.08,34.4
51125,VA,NELSON,68566.0,301276.8,22.8
51127,VA,NEW KENT,21533.0,134421.76,16.0
51131,VA,NORTHAMPTON,43586.0,135495.68,32.2
51133,VA,NORTHUMBERLAND,54956.0,122516.48,44.9
51135,VA,NOTTOWAY,58567.0,201209.59999999998,29.1
51137,VA,ORANGE,103983.0,218289.91999999998,47.6
51139,VA,PAGE,57321.0,198413.44,28.9
51141,VA,PATRICK,70893.0,309090.56,22.9
51143,VA,PITTSYLVANIA,244183.0,620161.92,39.4
51145,VA,POWHATAN,33100.0,166529.28,19.9
51147,VA,PRINCE EDWARD,56228.0,223965.44,25.1
51149,VA,PRINCE GEORGE,26057.0,169818.88,15.3
51153,VA,PRINCE WILLIAM,20388.0,214563.83999999997,9.5
51155,VA,PULASKI,74264.0,204696.96,36.3
51157,VA,RAPPAHANNOCK,66894.0,170478.08000000002,39.2
51159,VA,RICHMOND,36160.0,122545.92000000001,29.5
51161,VA,ROANOKE,24633.0,160350.72,15.4
51163,VA,ROCKBRIDGE,124983.0,381793.92,32.7
51165,VA,ROCKINGHAM,191588.0,543864.96,35.2
51167,VA,RUSSELL,176732.0,303055.36,58.3
51169,VA,SCOTT,124895.0,342929.28,36.4
51171,VA,SHENANDOAH,120653.0,325170.56,37.1
51173,VA,SMYTH,117159.0,288921.6,40.6
51175,VA,SOUTHAMPTON,155013.0,383485.44,40.4
51177,VA,SPOTSYLVANIA,39666.0,256903.68,15.4
51179,VA,STAFFORD,11518.0,172291.19999999998,6.7
51181,VA,SURRY,46226.0,178527.36000000002,25.9
51183,VA,SUSSEX,69562.0,313744.64,22.2
51185,VA,TAZEWELL,123581.0,332026.24000000005,37.2
51187,VA,WARREN,37759.0,137326.08000000002,27.5
51191,VA,WASHINGTON,169761.0,359163.52,47.3
51193,VA,WESTMORELAND,50594.0,146768.63999999998,34.5
51195,VA,WISE,15141.0,258201.6,5.9
51197,VA,WYTHE,135888.0,295649.28,46.0
51199,VA,YORK,1220.0,67012.48,1.8
51550,VA,CHESAPEAKE CITY,37359.0,216611.84000000003,17.2
51800,VA,SUFFOLK CITY,70920.0,255462.40000000002,27.8
51810,VA,VIRGINIA BEACH CITY,23140.0,156622.72,14.8
53001,WA,ADAMS,981670.0,1231992.96,79.7
53003,WA,ASOTIN,200898.0,407088.0,49.4
53005,WA,BENTON,612372.0,1088081.92,56.3
53007,WA,CHELAN,55095.0,1869553.92,2.9
53009,WA,CLALLAM,15789.0,1112817.28,1.4
53011,WA,CLARK,56038.0,402236.16000000003,13.9
53013,WA,COLUMBIA,302041.0,555894.4,54.3
53015,WA,COWLITZ,28902.0,730341.76,4.0
53017,WA,DOUGLAS,787620.0,1164316.16,67.6
53019,WA,FERRY,522236.0,1410074.24,37.0
53021,WA,FRANKLIN,586594.0,794621.44,73.8
53023,WA,GARFIELD,262540.0,454934.4,57.7
53025,WA,GRANT,1014389.0,1714912.0,59.2
53027,WA,GRAYS HARBOR,97952.0,1216943.3599999999,8.0
53029,WA,ISLAND,17038.0,133423.36,12.8
53031,WA,JEFFERSON,8717.0,1154385.92,0.8
53033,WA,KING,46261.0,1353973.7599999998,3.4
53035,WA,KITSAP,9539.0,252865.27999999997,3.8
53037,WA,KITTITAS,165205.0,1470259.2000000002,11.2
53039,WA,KLICKITAT,619788.0,1197847.04,51.7
53041,WA,LEWIS,118915.0,1537780.48,7.7
53043,WA,LINCOLN,1109276.0,1478782.72,75.0
53045,WA,MASON,36865.0,614110.72,6.0
53047,WA,OKANOGAN,940124.0,3370369.9200000004,27.9
53049,WA,PACIFIC,43851.0,597509.76,7.3
53051,WA,PEND OREILLE,37832.0,896156.7999999999,4.2
53053,WA,PIERCE,47546.0,1067495.68,4.5
53055,WA,SAN JUAN,19571.0,111304.32,17.6
53057,WA,SKAGIT,99718.0,1107362.56,9.0
53059,WA,SKAMANIA,6416.0,1061292.16,0.6
53061,WA,SNOHOMISH,73324.0,1335373.4400000002,5.5
53063,WA,SPOKANE,571997.0,1129103.3599999999,50.7
53065,WA,STEVENS,465282.0,1585343.36,29.3
53067,WA,THURSTON,55943.0,462397.44,12.1
53069,WA,WAHKIAKUM,10643.0,168272.63999999998,6.3
53071,WA,WALLA WALLA,713416.0,812821.1199999999,87.8
53073,WA,WHATCOM,102886.0,1349067.52,7.6
53075,WA,WHITMAN,1218301.0,1381927.6800000002,88.2
53077,WA,YAKIMA,1792824.0,2748487.6799999997,65.2
54001,WV,BARBOUR,104808.0,218277.76,48.0
54003,WV,BERKELEY,62043.0,205534.08,30.2
54005,WV,BOONE,2641.0,320981.76,0.8
54007,WV,BRAXTON,97558.0,326870.4,29.8
54009,WV,BROOKE,10110.0,57085.44,17.7
54011,WV,CABELL,39347.0,179854.72000000003,21.9
54013,WV,CALHOUN,60814.0,178720.0,34.0
54015,WV,CLAY,18614.0,218840.96000000002,8.5
54017,WV,DODDRIDGE,71740.0,204622.72,35.1
54019,WV,FAYETTE,30196.0,423432.32000000007,7.1
54021,WV,GILMER,52920.0,216641.91999999998,24.4
54023,WV,GRANT,116264.0,305518.08,38.1
54025,WV,GREENBRIER,175026.0,652680.32,26.8
54027,WV,HAMPSHIRE,145379.0,409857.28,35.5
54029,WV,HANCOCK,8266.0,52870.4,15.6
54031,WV,HARDY,136877.0,372681.60000000003,36.7
54033,WV,HARRISON,110287.0,266245.12,41.4
54035,WV,JACKSON,137655.0,297189.76,46.3
54037,WV,JEFFERSON,60434.0,133949.44,45.1
54039,WV,KANAWHA,23024.0,577054.72,4.0
54041,WV,LEWIS,86546.0,247635.2,34.9
54043,WV,LINCOLN,28840.0,279739.52,10.3
54045,WV,LOGAN,752.0,290378.88,0.3
54047,WV,MCDOWELL,929.0,341413.12,0.3
54049,WV,MARION,50594.0,197601.91999999998,25.6
54051,WV,MARSHALL,68623.0,195475.84,35.1
54053,WV,MASON,124768.0,275691.51999999996,45.3
54055,WV,MERCER,60763.0,268135.68,22.7
54057,WV,MINERAL,88194.0,209844.48,42.0
54059,WV,MINGO,4083.0,270809.6,1.5
54061,WV,MONONGALIA,50923.0,230458.88,22.1
54063,WV,MONROE,141346.0,302562.56,46.7
54065,WV,MORGAN,22487.0,146606.72,15.3
54067,WV,NICHOLAS,50144.0,413981.44,12.1
54069,WV,OHIO,21118.0,67731.2,31.2
54071,WV,PENDLETON,169996.0,445472.0,38.2
54073,WV,PLEASANTS,23138.0,83276.16,27.8
54075,WV,POCAHONTAS,115636.0,601752.96,19.2
54077,WV,PRESTON,145006.0,415240.95999999996,34.9
54079,WV,PUTNAM,64682.0,221234.56,29.2
54081,WV,RALEIGH,33064.0,387429.76,8.5
54083,WV,RANDOLPH,83471.0,665408.0,12.5
54085,WV,RITCHIE,104706.0,289273.6,36.2
54087,WV,ROANE,101367.0,309480.32,32.8
54089,WV,SUMMERS,64935.0,230778.88,28.1
54091,WV,TAYLOR,41539.0,110573.43999999999,37.6
54093,WV,TUCKER,23571.0,268188.16,8.8
54095,WV,TYLER,48656.0,164033.28000000003,29.7
54097,WV,UPSHUR,56509.0,226968.31999999998,24.9
54099,WV,WAYNE,32139.0,323843.2,9.9
54101,WV,WEBSTER,7354.0,354220.80000000005,2.1
54103,WV,WETZEL,34880.0,229162.88,15.2
54105,WV,WIRT,47200.0,148807.04,31.7
54107,WV,WOOD,85648.0,234560.0,36.5
54109,WV,WYOMING,1494.0,319660.80000000005,0.5
55001,WI,ADAMS,114792.0,413213.43999999994,27.8
55003,WI,ASHLAND,68629.0,668780.8,10.3
55005,WI,BARRON,282265.0,552350.0800000001,51.1
55007,WI,BAYFIELD,93254.0,945840.64,9.9
55009,WI,BROWN,181018.0,339258.88,53.4
55011,WI,BUFFALO,309976.0,432506.24000000005,71.7
55013,WI,BURNETT,77858.0,525799.04,14.8
55015,WI,CALUMET,143801.0,203680.0,70.6
55017,WI,CHIPPEWA,338969.0,645347.2,52.5
55019,WI,CLARK,409582.0,774206.7200000001,52.9
55021,WI,COLUMBIA,290003.0,489950.08,59.2
55023,WI,CRAWFORD,194544.0,365214.72000000003,53.3
55025,WI,DANE,449464.0,765754.88,58.7
55027,WI,DODGE,374456.0,560447.36,66.8
55029,WI,DOOR,108658.0,308456.32,35.2
55031,WI,DOUGLAS,67866.0,834733.44,8.1
55033,WI,DUNN,372774.0,544101.76,68.5
55035,WI,EAU CLAIRE,168016.0,408270.08,41.2
55037,WI,FLORENCE,17926.0,312398.72,5.7
55039,WI,FOND DU LAC,308888.0,460522.24,67.1
55041,WI,FOREST,27368.0,649130.24,4.2
55043,WI,GRANT,586453.0,734002.5599999999,79.9
55045,WI,GREEN,282888.0,373788.16,75.7
55047,WI,GREEN LAKE,122086.0,223708.15999999997,54.6
55049,WI,IOWA,374179.0,488126.72,76.7
55051,WI,IRON,8578.0,485253.75999999995,1.8
55053,WI,JACKSON,228011.0,632265.6,36.1
55055,WI,JEFFERSON,191783.0,356154.88,53.8
55057,WI,JUNEAU,167871.0,490931.84,34.2
55059,WI,KENOSHA,67322.0,173975.68,38.7
55061,WI,KEWAUNEE,168893.0,219170.56,77.1
55063,WI,LA CROSSE,138200.0,289156.48,47.8
55065,WI,LAFAYETTE,316462.0,405496.31999999995,78.0
55067,WI,LANGLADE,109487.0,557246.72,19.6
55069,WI,LINCOLN,79496.0,562370.5599999999,14.1
55071,WI,MANITOWOC,236367.0,377155.84,62.7
55073,WI,MARATHON,477577.0,988924.7999999999,48.3
55075,WI,MARINETTE,132155.0,895658.24,14.8
55077,WI,MARQUETTE,104952.0,291655.68,36.0
55078,WI,MENOMINEE,,228873.6,
55079,WI,MILWAUKEE,,154548.48,
55081,WI,MONROE,263476.0,576578.56,45.7
55083,WI,OCONTO,194482.0,638387.84,30.5
55085,WI,ONEIDA,42083.0,712924.1599999999,5.9
55087,WI,OUTAGAMIE,241653.0,408036.48,59.2
55089,WI,OZAUKEE,49769.0,149131.52,33.4
55091,WI,PEPIN,111859.0,148484.48,75.3
55093,WI,PIERCE,229659.0,367371.52,62.5
55095,WI,POLK,239493.0,585164.8,40.9
55097,WI,PORTAGE,273256.0,512559.36,53.3
55099,WI,PRICE,84387.0,802595.2000000001,10.5
55101,WI,RACINE,99108.0,212890.88,46.6
55103,WI,RICHLAND,244767.0,375136.0,65.2
55105,WI,ROCK,296636.0,459626.88,64.5
55107,WI,RUSK,118421.0,584673.92,20.3
55109,WI,ST CROIX,254630.0,462181.12,55.1
55111,WI,SAUK,298103.0,532187.52,56.0
55113,WI,SAWYER,40786.0,804868.48,5.1
55115,WI,SHAWANO,253092.0,571664.0,44.3
55117,WI,SHEBOYGAN,198776.0,327377.92000000004,60.7
55119,WI,TAYLOR,216009.0,624033.28,34.6
55121,WI,TREMPEALEAU,296684.0,469100.80000000005,63.2
55123,WI,VERNON,354885.0,506599.68,70.1
55125,WI,VILAS,5847.0,548934.4,1.1
55127,WI,WALWORTH,179902.0,355448.32,50.6
55129,WI,WASHBURN,70390.0,510152.96,13.8
55131,WI,WASHINGTON,118210.0,275612.16000000003,42.9
55133,WI,WAUKESHA,70268.0,351821.44,20.0
55135,WI,WAUPACA,230412.0,478524.80000000005,48.2
55137,WI,WAUSHARA,149098.0,400743.04,37.2
55139,WI,WINNEBAGO,145208.0,278206.08,52.2
55141,WI,WOOD,216635.0,507544.32,42.7
56001,WY,ALBANY,1347301.0,2735569.2800000003,49.3
56003,WY,BIG HORN,456535.0,2007652.48,22.7
56005,WY,CAMPBELL,2599124.0,3073321.5999999996,84.6
56007,WY,CARBON,2866440.0,5054593.92,56.7
56009,WY,CONVERSE,2394957.0,2723196.8,87.9
56011,WY,CROOK,1504643.0,1826867.2,82.4
56013,WY,FREMONT,1203097.0,5877497.6,20.5
56015,WY,GOSHEN,1256152.0,1424392.3199999998,88.2
56017,WY,HOT SPRINGS,553706.0,1282835.84,43.2
56019,WY,JOHNSON,2034098.0,2658657.2800000003,76.5
56021,WY,LARAMIE,1431716.0,1718952.96,83.3
56023,WY,LINCOLN,295548.0,2608215.68,11.3
56025,WY,NATRONA,2051231.0,3417944.32,60.0
56027,WY,NIOBRARA,1317839.0,1680657.92,78.4
56029,WY,PARK,686973.0,4440984.96,15.5
56031,WY,PLATTE,1232927.0,1332133.7599999998,92.6
56033,WY,SHERIDAN,1227794.0,1614951.04,76.0
56035,WY,SUBLETTE,499294.0,3127348.48,16.0
56037,WY,SWEETWATER,1372065.0,6673267.199999999,20.6
56039,WY,TETON,38130.0,2557983.3600000003,1.5
56041,WY,UINTA,735709.0,1332301.44,55.2
56043,WY,WASHAKIE,368504.0,1432754.56,25.7
56045,WY,WESTON,1302538.0,1534723.2000000002,84.9
